id	Species	Project	Sequenced.previously	Type	extraction.year	Date	Year	State	Location	Latitude	Longitude	Elevation	Time	Band.	Sex	Age	Blood	Fecal	CP	Photo	Measurer	Wing	Tail	Tarsus	Geo	Notes	Additional.Sheets.
CE07D03	AUWA	YRWA_hybrid_zone_2019	N	Sample	2021	7-May	2019	BC	Hope	49.23242	-121.38621	424	NA	278065815	F	AHY		Y				71.5	55	18.38
CE07D06	AUWA	YRWA_hybrid_zone_2019	N	Sample	2021	7-May	2019	BC	Hope	49.23391	-121.38602	433	NA	278065818	M	ASY		Y				74.5	58	19.41
CE07D09	AUWA	YRWA_hybrid_zone_2019	N	Sample	2021	7-May	2019	BC	Hope	49.21361	-121.37314	475	10:50:00	278065820	M	ASY		Y				75	57.9	19.14
CE07D10	AUWA	YRWA_hybrid_zone_2019	N	Sample	2021	7-May	2019	BC	Hope	49.21361	-121.37314	475	11:10:00	278065821	F	AHY		Y				70	55	17.81
CE08D02	AUWA	YRWA_hybrid_zone_2019	N	Sample	2021	8-May	2019	BC	Britton_Creek	49.63456	-120.9974	1149	6:30:00	278065823	M	ASY		Y				74.5	56	18.89
CE08D04	AUWA	YRWA_hybrid_zone_2019	N	Sample	2021	8-May	2019	BC	Britton_Creek	49.62346	-121.00074	1206	8:30:00	278065825	M	SY		Y				72	54.5	18.1
CE08D06	AUWA	YRWA_hybrid_zone_2019	N	Sample	2021	8-May	2019	BC	Britton_Creek	49.61161	-121.00155	1293	10:00:00	278065827	M	ASY		Y				78	58	18.93
CE08D09	AUWA	YRWA_hybrid_zone_2019	N	Sample	2021	8-May	2019	BC	Britton_Creek	49.64634	-120.9958	1110	15:30:00	278065830	M	SY		Y				72	57.5	19.2
CE08D11	AUWA	YRWA_hybrid_zone_2019	N	Sample	2021	8-May	2019	BC	Britton_Creek	49.64432	-120.99546	1117	16:20:00	278065832	M	ASY		Y				77.5	60	19.4
CE09D07	AUWA	YRWA_hybrid_zone_2019	N	Sample	2021	9-May	2019	BC	Comstock	50.02009	-120.80657	1111	9:20:00	278065839	M	ASY		Y				75	60	19.04
CE09D08	AUWA	YRWA_hybrid_zone_2019	N	Sample	2021	9-May	2019	BC	Comstock	50.02009	-120.80657	1111	9:25:00	278065841	F	SY		Y				70	56	18.69
CE09D09	AUWA	YRWA_hybrid_zone_2019	N	Sample	2021	9-May	2019	BC	Comstock	50.0193	-120.80381	1108	9:35:00	278065840	M	ASY		Y				76	59	19.05
CE10D06	AUWA	YRWA_hybrid_zone_2019	N	Sample	2021	10-May	2019	BC	Lac_LeJeune	50.51899	-120.51109	1398	7:00:00	278065850	F	ASY		Y				70	55	18.85
CE10D12	AUWA	YRWA_hybrid_zone_2019	N	Sample	2021	10-May	2019	BC	Lac_LeJeune	50.51821	-120.49354	1383	8:56:00	278065856	F	ASY		Y				67	53	19.42
CE10D13	AUWA	YRWA_hybrid_zone_2019	N	Sample	2021	10-May	2019	BC	Lac_LeJeune	50.51706	-120.49276	1391	9:05:00	278065857	F	ASY		Y				72	56	18.78
CE11D03	AUWA	YRWA_hybrid_zone_2019	N	Sample	2021	11-May	2019	BC	Oconnor_Lake	50.88796	-120.4097	1257	6:54:00	278065862	M	ASY		Y				76	59	18.55
CE11D11	AUWA	YRWA_hybrid_zone_2019	N	Sample	2021	11-May	2019	BC	Oconnor_Lake	50.8948	-120.39569	1226	9:40:00	278065870	M	AHY		Y				72	55	17.28
CE13D07	AUWA	YRWA_hybrid_zone_2019	N	Sample	2021	13-May	2019	BC	Blue_River	52.03693	-119.32798	671	8:12:00	278065892	M	SY		Y				73.5	59	19.07
CE13D08	AUWA	YRWA_hybrid_zone_2019	N	Sample	2021	13-May	2019	BC	Blue_River	52.04489	-119.32153	683	9:01:00	278065893	M	AHY		Y				73	58	18.29
CE13D12	AUWA	YRWA_hybrid_zone_2019	N	Sample	2021	13-May	2019	BC	Blue_River	51.99958	-119.34531	918	10:15:00	278065897	M	ASY		Y				78	60	18.21
CE13D14	AUWA	YRWA_hybrid_zone_2019	N	Sample	2021	13-May	2019	BC	Blue_River	51.99454	-119.35191	982	16:00:00	278065899	M	ASY		Y				75	58.5	17.94
CE13D15	AUWA	YRWA_hybrid_zone_2019	N	Sample	2021	13-May	2019	BC	Blue_River	51.99454	-119.35191	982	16:30:00	278065900	M	SY		Y				75	57.5	18.58
CE15D02	AUWA	YRWA_hybrid_zone_2019	N	Sample	2021	15-May	2019	BC	Clearwater	51.62006	-120.05702	853	8:00:00	279000703	M	SY		Y				72.5	53	18.73
CE15D03	AUWA	YRWA_hybrid_zone_2019	N	Sample	2021	15-May	2019	BC	Clearwater	51.62006	-120.05702	853	8:15:00	279000704	M	AHY		Y				73.5	56	18.48
CE16D03	AUWA	YRWA_hybrid_zone_2019	N	Sample	2021	16-May	2019	BC	Clearwater	51.62838	-120.06933	546	9:30:00	279000709	F	SY		Y				68	54	17.28
CE16D04	AUWA	YRWA_hybrid_zone_2019	N	Sample	2021	16-May	2019	BC	Clearwater	51.62446	-120.07267	542	11:00:00	279000710	M	SY		Y				73	56.5	18.37
CE16D06	AUWA	YRWA_hybrid_zone_2019	N	Sample	2021	16-May	2019	BC	Clearwater	51.62381	-120.07155	535	14:00:00	279000712	M	ASY		Y				78.5	60	18.85
CE22D03	UYRW	YRWA_hybrid_zone_2019	N	Sample	2021	22-May	2019	BC	Red_Pass_Junction	53.00625	-119.58769	848	6:55:00	279000720	M	ASY		Y				77	59.5	18.9
CE22D05	AUWA	YRWA_hybrid_zone_2019	N	Sample	2021	22-May	2019	BC	Red_Pass_Junction	53.00954	-119.59293	815	8:00:00	279000722	M	ASY		Y				75	58.5	18.85
CE26D02	MYWA	YRWA_hybrid_zone_2019	N	Sample	2021	26-May	2019	AB	Yellowhead_Pass	52.8861	-118.3912	1123	6:30:00	279000727	F	SY		Y				68	54	17.61
CE26D03	MYWA	YRWA_hybrid_zone_2019	N	Sample	2021	26-May	2019	AB	Yellowhead_Pass	52.88604	-118.39308	1133	6:40:00	279000728	M	ASY		Y				73	58	18.55
CE27D02	UYRW	YRWA_hybrid_zone_2019	N	Sample	2021	27-May	2019	AB	Yellowhead_Pass	52.88386	-118.38996	1086	6:15:00	279000732	F	SY		Y				76	58.5	19.99
CE28D03	MYWA	YRWA_hybrid_zone_2019	N	Sample	2021	28-May	2019	AB	Pyramid_Lake	52.92502	-118.0936	1188	6:20:00	279000741	M	SY		Y				71.5	55	19.99
CE28D04	MYWA	YRWA_hybrid_zone_2019	N	Sample	2021	28-May	2019	AB	Pyramid_Lake	52.92375	-118.09464	1203	9:00:00	279000742	M	SY		Y				73	58.5	19.46
CE28D05	UYRW	YRWA_hybrid_zone_2019	N	Sample	2021	28-May	2019	AB	Pyramid_Lake	52.92375	-118.09464	1203	9:20:00	279000743	F	SY		Y				73.5	56	18.71
CE29D05	MYWA	YRWA_hybrid_zone_2019	N	Sample	2021	29-May	2019	AB	Pyramid_Lake	52.91399	-118.09763	1190	7:15:00	279000749	M	SY		Y				70	58.5	18.89
CE30D04	MYWA	YRWA_hybrid_zone_2019	N	Sample	2021	30-May	2019	AB	Snaring	53.04049	-118.12259	1033	9:24:00	279000755	M	SY		Y				69	53.5	18.6
CE31D04	AUWA	YRWA_hybrid_zone_2019	N	Sample	2021	31-May	2019	BC	Red_Pass_Junction	52.99257	-119.55035	783	15:15:00	279000761	M	SY		Y				72	55	18.42
CF05D01	MYWA	YRWA_hybrid_zone_2019	N	Sample	2021	5-Jun	2019	AB	Ghost	51.40492	-115.05418	1523	21:00:00	279000769	F	SY		Y				73	55	19.14
CF05D02	UYRW	YRWA_hybrid_zone_2019	N	Sample	2021	5-Jun	2019	AB	Ghost	51.40492	-115.05418	1523	21:20:00	279000770	M	SY		Y				73	57	19.15
CF05D03	UYRW	YRWA_hybrid_zone_2019	N	Sample	2021	5-Jun	2019	AB	Ghost	51.40492	-115.05418	1523	21:30:00	279000771	M	ASY		Y				73	57	18.9
CF06D03	UYRW	YRWA_hybrid_zone_2019	N	Sample	2021	6-Jun	2019	AB	Ghost	51.40577	-115.04471	1516	8:00:00	279000774	M	ASY		Y				74.5	55.5	18.49
CF06D07	MYWA	YRWA_hybrid_zone_2019	N	Sample	2021	6-Jun	2019	AB	Ghost	51.4045	-115.03551	1511	10:20:00	279000778	M	SY		Y				72	56	18.97
CF08D06	MYWA	YRWA_hybrid_zone_2019	N	Sample	2021	8-Jun	2019	AB	Sundre	51.70773	-114.81514	1207	7:10:00	279000786	F	SY		Y				67	52.5	18.21
CF08D07	MYWA	YRWA_hybrid_zone_2019	N	Sample	2021	8-Jun	2019	AB	Sundre	51.70766	-114.82116	1199	9:40:00	279000787	M	SY		Y				71.5	55	18.76
CF09D01	MYWA	YRWA_hybrid_zone_2019	N	Sample	2021	9-Jun	2019	AB	Rocky_Mountain_House	52.46918	-115.11675	987	7:00:00	279000791	M	SY		Y				71.5	55.5	17.65
CF09D02	MYWA	YRWA_hybrid_zone_2019	N	Sample	2021	9-Jun	2019	AB	Rocky_Mountain_House	52.47143	-115.11624	984	8:00:00	279000792	M	SY		Y				71	54	18.43
CF12D04	MYWA	YRWA_hybrid_zone_2019	N	Sample	2021	12-Jun	2019	AB	Fawcett_Lake	55.32949	-114.02041	655	7:20:00	279000807	M	SY		Y				70	55	17.89
CF12D05	MYWA	YRWA_hybrid_zone_2019	N	Sample	2021	12-Jun	2019	AB	Grizzly_Trail	54.52472	-115.09235	850	20:30:00	279000808	M	SY		Y				70	53	18.34
CF12D06	MYWA	YRWA_hybrid_zone_2019	N	Sample	2021	12-Jun	2019	AB	Grizzly_Trail	54.52472	-115.09235	850	10:30:00	279000809	M	SY		Y				73.5	57.5	18.65
CF14D01	MYWA	YRWA_hybrid_zone_2019	N	Sample	2021	14-Jun	2019	AB	Miette	53.19487	-117.19487	1125	20:00:00	279000810	M	SY		Y				72	57.5	19.08
CF14D02	MYWA	YRWA_hybrid_zone_2019	N	Sample	2021	14-Jun	2019	AB	Miette	53.19487	-117.19487	1125	20:00:00	NA	M	SY		Y				70.5	53.5	17.96
CF15D06	MYWA	YRWA_hybrid_zone_2019	N	Sample	2021	15-Jun	2019	AB	Miette	53.18598	-117.88742	1271	8:00:00	279000816	M	SY		Y				73	56	18.92
CF20D03	AUWA	YRWA_hybrid_zone_2019	N	Sample	2021	20-Jun	2019	AB	Peter_Lougheed	50.70338	-115.1211	1626	12:00:00	279000831	F	ASY		Y				69	52.5	NA
CF20D04	AUWA	YRWA_hybrid_zone_2019	N	Sample	2021	20-Jun	2019	AB	Evan_Thomas	50.89293	-115.13427	1531	16:25:00	279000833	M	SY		Y				73	59	18.83
CF20D05	AUWA	YRWA_hybrid_zone_2019	N	Sample	2021	20-Jun	2019	AB	Evan_Thomas	50.89374	-115.1334	1508	16:30:00	279000832	F	SY		Y				69	50.5	18.7
CF20D06	AUWA	YRWA_hybrid_zone_2019	N	Sample	2021	20-Jun	2019	AB	Evan_Thomas	50.89374	-115.1334	1508	16:40:00	279000834	M	SY		Y				75	57	18.98
CF22D02	AUWA	YRWA_hybrid_zone_2019	N	Sample	2021	22-Jun	2019	AB	Waterton	49.02912	-113.68134	1378	9:30:00	279000836	M	SY		Y				74	55.5	19.51
CF23D03	AUWA	YRWA_hybrid_zone_2019	N	Sample	2021	23-Jun	2019	AB	Waterton	49.0761	-113.79132	1512	8:45:00	279000839	M	ASY		Y				77	58	19.31
CF23D05	AUWA	YRWA_hybrid_zone_2019	N	Sample	2021	23-Jun	2019	AB	Waterton	49.0761	-113.79132	1512	9:05:00	279000841	F	SY		Y				73.5	57	18.48
CF23D07	AUWA	YRWA_hybrid_zone_2019	N	Sample	2021	23-Jun	2019	AB	Crowsnest	49.66006	-114.48129	1584	17:15:00	279000843	M	ASY		Y				75	59	19.29
CF24D01	AUWA	YRWA_hybrid_zone_2019	N	Sample	2021	24-Jun	2019	AB	Crowsnest	49.68006	-114.59549	1558	7:20:00	279000845	M	ASY		Y				78	60	19.56
CF25D06	AUWA	YRWA_hybrid_zone_2019	N	Sample	2021	25-Jun	2019	AB	Livingstone	50.10477	-114.43951	1702	9:25:00	279000859	M	ASY		Y				76	58	18.75
CF25D08	AUWA	YRWA_hybrid_zone_2019	N	Sample	2021	25-Jun	2019	AB	Livingstone	50.13415	-114.43752	1753	11:30:00	279000861	M	SY		Y				73.5	55.5	18.56
CF25D10	AUWA	YRWA_hybrid_zone_2019	N	Sample	2021	25-Jun	2019	AB	Livingstone	50.09716	-114.43527	1676	13:00:00	279000863	F	SY		Y				71	53	19.48
CF26D06	AUWA	YRWA_hybrid_zone_2019	N	Sample	2021	26-Jun	2019	AB	Peter_Lougheed	50.686	-115.11548	1679	7:30:00	279000869	F	SY		Y				69	53.5	18.91
CF26D07	UYRW	YRWA_hybrid_zone_2019	N	Sample	2021	26-Jun	2019	AB	Peter_Lougheed	50.686	-115.11548	1679	7:50:00	279000870	M	SY		Y				72	56.5	19.12
CF26D13	AUWA	YRWA_hybrid_zone_2019	N	Sample	2021	26-Jun	2019	AB	Peter_Lougheed	50.68805	-115.13513	1698	10:55:00	279000876	M	SY		Y				74	59	18.39
CF27D02	AUWA	YRWA_hybrid_zone_2019	N	Sample	2021	27-Jun	2019	AB	Peter_Lougheed	50.69821	-115.11428	1622	8:30:00	279000878	M	SY		Y				74	57.5	19.59
CF27D04	UYRW	YRWA_hybrid_zone_2019	N	Sample	2021	27-Jun	2019	AB	Peter_Lougheed	50.69734	-115.11338	1628	8:45:00	279000880	M	SY		Y				74	57	18.48
EXTR-NEG-2022-1	NA	NA	Y	Neg_extr	2022	NA	2022	NA	NA	NA	NA	NA	NA	NA	NA	NA	NA	NA	NA	NA	NA	NA	NA	NA	NA	NA	NA
EXTR-NEG-2022-2	NA	NA	Y	Neg_extr	2022	NA	2022	NA	NA	NA	NA	NA	NA	NA	NA	NA	NA	NA	NA	NA	NA	NA	NA	NA	NA	NA	NA
JL-NEG-EXT-1	NA	NA	Y	Neg_extr	2021	NA	2021	NA	NA	NA	NA	NA	NA	NA	NA	NA	NA	NA	NA	NA	NA	NA	NA	NA	NA	NA	NA
MB-EXT-NEG-1	NA	NA	Y	Neg_extr	2021	NA	2021	NA	NA	NA	NA	NA	NA	NA	NA	NA	NA	NA	NA	NA	NA	NA	NA	NA	NA	NA	NA
NEG-1-YRWA	NA	NA	N	Neg_extr	2021	NA	2021	NA	NA	NA	NA	NA	NA	NA	NA	NA	NA	NA	NA	NA	NA	NA	NA	NA	NA	NA	NA
NEG-2-YRWA	NA	NA	N	Neg_extr	2021	NA	2021	NA	NA	NA	NA	NA	NA	NA	NA	NA	NA	NA	NA	NA	NA	NA	NA	NA	NA	NA	NA
NEG-EXTR-1	NA	NA	Y	Neg_extr	2020	NA	2020	NA	NA	NA	NA	NA	NA	NA	NA	NA	NA	NA	NA	NA	NA	NA	NA	NA	NA	NA	NA
NEG-EXTR-2	NA	NA	Y	Neg_extr	2020	NA	2020	NA	NA	NA	NA	NA	NA	NA	NA	NA	NA	NA	NA	NA	NA	NA	NA	NA	NA	NA	NA
PCR-neg-yrwa-1	NA	NA	N	Neg_pcr	NA	NA	NA	NA	NA	NA	NA	NA	NA	NA	NA	NA	NA	NA	NA	NA	NA	NA	NA	NA	NA	NA	NA
PCR-neg-yrwa-11	NA	NA	N	Neg_pcr	NA	NA	NA	NA	NA	NA	NA	NA	NA	NA	NA	NA	NA	NA	NA	NA	NA	NA	NA	NA	NA	NA	NA
PCR-neg-yrwa-13	NA	NA	N	Neg_pcr	NA	NA	NA	NA	NA	NA	NA	NA	NA	NA	NA	NA	NA	NA	NA	NA	NA	NA	NA	NA	NA	NA	NA
PCR-neg-yrwa-3	NA	NA	N	Neg_pcr	NA	NA	NA	NA	NA	NA	NA	NA	NA	NA	NA	NA	NA	NA	NA	NA	NA	NA	NA	NA	NA	NA	NA
PCR-neg-yrwa-5	NA	NA	N	Neg_pcr	NA	NA	NA	NA	NA	NA	NA	NA	NA	NA	NA	NA	NA	NA	NA	NA	NA	NA	NA	NA	NA	NA	NA
PCR-neg-yrwa-7	NA	NA	N	Neg_pcr	NA	NA	NA	NA	NA	NA	NA	NA	NA	NA	NA	NA	NA	NA	NA	NA	NA	NA	NA	NA	NA	NA	NA
PCR-neg-yrwa-9	NA	NA	N	Neg_pcr	NA	NA	NA	NA	NA	NA	NA	NA	NA	NA	NA	NA	NA	NA	NA	NA	NA	NA	NA	NA	NA	NA	NA
QF09T03	MYWA	ADK	Y	Sample	NA	9-Jun	2017	NY	Moose River	43.689824	-74.751738	529	8:40	284029320	M	AHY	Y	Y	3	y-nikon	DPT	73	60	17.6
QF10T03	MYWA	ADK	Y	Sample	NA	10-Jun	2017	NY	Moose River	43.718615	-74.784205	608	6:55	284029327	M	AHY	Y	Y	3	y-nikon	DPT	73	59	18.9
QF11T02	MYWA	ADK	Y	Sample	NA	11-Jun	2017	NY	Sagamore	43.802827	-74.651096	545	6:30	284029337	M	AHY	Y	Y	3	y-nikon	DPT	75	63	19
QF11T05	MYWA	ADK	Y	Sample	NA	11-Jun	2017	NY	Sagamore	43.78666	-74.642856	563	9:22	284029340	M	AHY	Y	Y	3	y-nikon	DPT	71.5	60	17.6
QF11T06	MYWA	ADK	Y	Sample	NA	11-Jun	2017	NY	Sagamore	43.771995	-74.637935	598	11:17	284029341	M	AHY	Y	Y	3	y-nikon	DPT	71	56	18.3
QF11T07	MYWA	ADK	Y	Sample	NA	11-Jun	2017	NY	Sagamore	43.771995	-74.637935	598	11:17	284029342	M	AHY	Y	Y	3	y-nikon	DPT	73.5	59	18.2
RF06T06	MYWA	ADK	Y	Sample	NA	6-Jun	2018	NY	Moose River	43.683566	-74.739173	591	8:50	284029372	M	AHY	Y	Y	3	y-nikon	DPT	72	57	17.3
RF06T07	MYWA	ADK	Y	Sample	NA	6-Jun	2018	NY	Moose River	43.683566	-74.739173	591	8:55	284029373	M	AHY	Y	Y	3	y-nikon	DPT	71	56	18.5
RF06T15	MYWA	ADK	Y	Sample	NA	6-Jun	2018	NY	Moose River	43.685822	-74.746612	573	11:45	284029381	M	AHY	Y	Y	3	y-nikon	DPT	71	59	18.1
RF07T17	MYWA	ADK	Y	Sample	NA	7-Jun	2018	NY	Moose River	43.674191	-74.709151	575	6:40	284029396	M	AHY	Y	Y	3	y-nikon	DPT	71	55	17.5
RF08T02	MYWA	ADK	Y	Sample	NA	8-Jun	2018	NY	Moose River	43.683226	-74.734783	598	6:20	284029401	M	AHY	Y	Y	3	y-nikon	DPT	71	54	18.8
RF21T03	MYWA	ADK	Y	Sample	NA	21-Jun	2018	NY	Wakely Mtn	43.736256	-74.51209	1072	8:04	284029438	F	AHY	N	Y	0	y-iPhone	DPT	69.5	55	17.2
SF12T01	MYWA	Opportunistic_PA	Y	Sample	NA	12-Jun	2019	PA	Bear Gap	40.723591	-77.791108	721	7:05	284029497	M	AHY	N	Y	3	Cannon	DPT	71	56	17.5		Non SDS; 40 uL. Pics after T02
SF17T02	MYWA	ADK	Y	Sample	NA	17-Jun	2019	NY	Moose River	43.685901	-74.746569	567	6:30	283030003	M	AHY	Y	Y	3	Cannon	DPT	71	56	17.9
SF17T10	MYWA	ADK	Y	Sample	NA	17-Jun	2019	NY	Moose River	43.688843	-74.750433	570	8:35	283030009	M	AHY	Y	Y	3	Cannon	DPT	74	57	18.8
SF17T11	MYWA	ADK	Y	Sample	NA	17-Jun	2019	NY	Moose River	43.688843	-74.750433	570	9:11	283030010	M	AHY	Y	Y	3	Cannon	DPT	74	60	18.7
SF17T13	MYWA	ADK	Y	Sample	NA	17-Jun	2019	NY	Moose River	43.692571	-74.748685	573	10:24	283030012	F	AHY	Y	Y	0	Cannon	DPT	67	53	17.6		BP-yes
SF17T24	MYWA	ADK	Y	Sample	NA	17-Jun	2019	NY	Moose River	43.673422	-74.708394	594	18:49	283030019	M	AHY	Y	Y	3	Cannon	DPT	72	57	18.2
SF18T04	MYWA	ADK	Y	Sample	NA	18-Jun	2019	NY	Moose River	43.684642	-74.705194	633	6:20	283030024	F	AHY	N	Y	0	Cannon	DPT	68	54	18		BP-Yes
TF18T06	MYWA	ADK	Y	Sample	NA	18-Jun	2020	NY	Moose River	43.68353	-74.738825	583	6:48	283030164	M	AHY	Y	Y	3	Y-Canon	DPT	71	56	18
TF18T07	MYWA	ADK	Y	Sample	NA	18-Jun	2020	NY	Moose River	43.686473	-74.74951	575	8:01	283030165	M	AHY	Y	Y	3	Y-Canon	DPT	75	59	17.9
TF18T11	MYWA	ADK	Y	Sample	NA	18-Jun	2020	NY	Moose River	43.702836	-74.759286	612	9:36	283030169	M	AHY	Y	Y	3	Y-Canon	DPT	74	61	18.3
TF18T14	MYWA	ADK	Y	Sample	NA	18-Jun	2020	NY	Moose River	43.667707	-74.709933	565	17:37	283030172	M	AHY	Y	Y	3	Y-Canon	DPT	73	61	17.5
TF18T16	MYWA	ADK	Y	Sample	NA	18-Jun	2020	NY	Moose River	43.675112	-74.681705	565	19:30	283030174	M	AHY	Y	Y	3	Y-Canon	DPT	70	55	18.6
UF07T04	MYWA	ADK	N	Sample	2021	7-Jun	2021	NY	Moose River	43.702974	-74.759135	619	7:39	285052971	M	AHY	Y	Y	3	Canon	DT	74	59	18.5
UF07T05	MYWA	ADK	N	Sample	2021	7-Jun	2021	NY	Moose River	43.702974	-74.759135	619	7:50	283030169	M	ASY	N	Y	3	Canon	DT	76	62	18.4
UF08T15	MYWA	ADK	N	Sample	2021	8-Jun	2021	NY	Moose River	43.67338	-74.708656	563	17:39	285052996	M	AHY	Y	Y	3	Canon	DT	71	57	18.4
UF09T04	MYWA	ADK	N	Sample	2021	9-Jun	2021	NY	Moose River	43.685808	-74.746419	574	6:38	289043804	M	AHY	Y	Y	3	Canon	DT	70	54	17.9
UF09T06	MYWA	ADK	N	Sample	2021	9-Jun	2021	NY	Moose River	43.685808	-74.746419	574	6:55	289043805	M	AHY	Y	Y	3	Canon	DT	72	55	18.4
UF15T01	AUWA	AUWA_SW	N	Sample	2022	15-Jun	2021	UT	Fish Lake	38.620948	-111.648349	2697	6:32	289043824	M	AHY	Y	Y	3	Y-Toews-Cannon	DPT	77	59	17.6			Additional measurements found in 2021_AUWA_banding_data.xlsx
UF15T02	AUWA	AUWA_SW	N	Sample	2022	15-Jun	2021	UT	Fish Lake	38.630683	-111.649401	2766	7:20	289043825	M	AHY	Y	Y	3	Y-Toews-Cannon	DPT	78	65	19.1			Additional measurements found in 2021_AUWA_banding_data.xlsx
UF15T03	AUWA	AUWA_SW	N	Sample	2022	15-Jun	2021	UT	Fish Lake	38.633198	-111.651064	2777	8:00	289043826	F	AHY	Y	Y	0	Y-Toews-Cannon	DPT	75	57	19.3		BP=1	Additional measurements found in 2021_AUWA_banding_data.xlsx
UF15T04	AUWA	AUWA_SW	N	Sample	2022	15-Jun	2021	UT	Fish Lake	38.633198	-111.651064	2777	8:01	289043827	M	AHY	Y	Y	3	Y-Toews-Cannon	DPT	76	59	19.5		Little white on throat	Additional measurements found in 2021_AUWA_banding_data.xlsx
UF15T05	AUWA	AUWA_SW	N	Sample	2022	15-Jun	2021	UT	Fish Lake	38.648737	-111.659212	2799	9:11	289043828	M	AHY	Y	Y	3	Y-Toews-Cannon	DPT	79	61	19		Said 29.3 on datasheet	Additional measurements found in 2021_AUWA_banding_data.xlsx
UF15T06	AUWA	AUWA_SW	N	Sample	2022	15-Jun	2021	UT	Fish Lake	38.619553	-111.643304	2691	10:40	289043829	M	AHY	Y	Y	3	Y-Toews-Cannon	DPT	76	60	19			Additional measurements found in 2021_AUWA_banding_data.xlsx
UF16T02	AUWA	AUWA_SW	N	Sample	2022	16-Jun	2021	UT	Fish Lake	38.609104	-111.677359	2732	7:10	289043832	M	AHY	Y	Y	3	Y-Toews-Cannon	DPT	78	62	18.5			Additional measurements found in 2021_AUWA_banding_data.xlsx
UF16T04	AUWA	AUWA_SW	N	Sample	2022	16-Jun	2021	UT	Fish Lake	38.607993	-111.617299	2709	9:10	289043834	M	AHY	Y	Y	3	Y-Toews-Cannon	DPT	82	64	19.5			Additional measurements found in 2021_AUWA_banding_data.xlsx
UF16T05	AUWA	AUWA_SW	N	Sample	2022	16-Jun	2021	UT	Fish Lake	38.609852	-111.61631	2752	9:51	289043835	M	AHY	Y	Y	3	Y-Toews-Cannon	DPT	79	61	18.8			Additional measurements found in 2021_AUWA_banding_data.xlsx
UF16T06	AUWA	AUWA_SW	N	Sample	2022	16-Jun	2021	UT	Fish Lake	38.609852	-111.61631	2752	9:55	289043836	M	AHY	Y	Y	3	Y-Toews-Cannon	DPT	80	59	17.7			Additional measurements found in 2021_AUWA_banding_data.xlsx
UF17T01	AUWA	AUWA_SW	N	Sample	2022	17-Jun	2021	UT	Dixie NF	37.5498	-112.785401	2928	6:05	289043837	M	AHY	Y	Y	3	Y-Toews-Cannon	DPT	81	61	19.9			Additional measurements found in 2021_AUWA_banding_data.xlsx
UF17T02	AUWA	AUWA_SW	N	Sample	2022	17-Jun	2021	UT	Dixie NF	37.5498	-112.785401	2928	6:38	289043838	F	AHY	Y	Y	0	Y-Toews-Cannon	DPT	76	67	18.7			Additional measurements found in 2021_AUWA_banding_data.xlsx
UF17T04	AUWA	AUWA_SW	N	Sample	2022	17-Jun	2021	UT	Dixie NF	37.539898	-112.779527	2898	8:00	289043840	M	AHY	Y	Y	3	Y-Toews-Cannon	DPT	77	60	19.2			Additional measurements found in 2021_AUWA_banding_data.xlsx
UF17T05	AUWA	AUWA_SW	N	Sample	2022	17-Jun	2021	UT	Dixie NF	37.540257	-112.777334	2905	8:41	289043841	F	AHY	Y	Y	3	Y-Toews-Cannon	DPT	75	59	19.7			Additional measurements found in 2021_AUWA_banding_data.xlsx
UF17T06	AUWA	AUWA_SW	N	Sample	2022	17-Jun	2021	UT	Dixie NF	37.540257	-112.777334	2905	8:50	289043842	M	AHY	Y	Y	3	Y-Toews-Cannon	DPT	78	60	18.8			Additional measurements found in 2021_AUWA_banding_data.xlsx
UF17T07	AUWA	AUWA_SW	N	Sample	2022	17-Jun	2021	UT	Dixie NF	37.526913	-112.760995	2845	9:50	289043843	M	AHY	Y	Y	3	Y-Toews-Cannon	DPT	75	58	17.8		Only 3 tail feathers left (ie not super accurate tail length)	Additional measurements found in 2021_AUWA_banding_data.xlsx
UF17T08	AUWA	AUWA_SW	N	Sample	2022	17-Jun	2021	UT	Dixie NF	37.523785	-112.732928	2843	11:26	289043844	M	AHY	Y	Y	3	Y-Toews-Cannon	DPT	76	68	19			Additional measurements found in 2021_AUWA_banding_data.xlsx
UF18T02	AUWA	AUWA_SW	N	Sample	2022	18-Jun	2021	UT	Dixie NF	37.573626	-112.79895	2955	7:01	289043846	M	AHY	Y	Y	3	Y-Toews-Cannon	DPT	77	61	18			Additional measurements found in 2021_AUWA_banding_data.xlsx
UF18T03	AUWA	AUWA_SW	N	Sample	2022	18-Jun	2021	UT	Dixie NF	37.573626	-112.79895	2955	7:05	289043847	M	AHY	Y	Y	3	Y-Toews-Cannon	DPT	79	62	18.5			Additional measurements found in 2021_AUWA_banding_data.xlsx
UF18T04	AUWA	AUWA_SW	N	Sample	2022	18-Jun	2021	UT	Dixie NF	37.574924	-112.802722	2979	7:45	289043848	M	AHY	Y	Y	3	Y-Toews-Cannon	DPT	76	61	19.1			Additional measurements found in 2021_AUWA_banding_data.xlsx
UF18T05	AUWA	AUWA_SW	N	Sample	2022	18-Jun	2021	UT	Dixie NF	37.577618	-112.811985	3025	9:28	289043849	M	AHY	Y	Y	3	Y-Toews-Cannon	DPT	83	68	19.7			Additional measurements found in 2021_AUWA_banding_data.xlsx
UF18T06	AUWA	AUWA_SW	N	Sample	2022	18-Jun	2021	UT	Dixie NF	37.58076	-112.825387	3084	10:25	289043850	M	AHY	Y	Y	3	Y-Toews-Cannon	DPT	79	63	17.6			Additional measurements found in 2021_AUWA_banding_data.xlsx
UF19T02	AUWA	AUWA_SW	N	Sample	2022	19-Jun	2021	AZ	Kaibab NF	36.617129	-112.211882	2546	6:50	289043852	M	AHY	Y	Y	3	Y-Toews-Cannon	DPT	78	59	19.4			Additional measurements found in 2021_AUWA_banding_data.xlsx
UF19T04	AUWA	AUWA_SW	N	Sample	2022	19-Jun	2021	AZ	Kaibab NF	36.616819	-112.240456	2507	7:55	289043854	F	AHY	Y	Y	3	Y-Toews-Cannon	DPT	71	58	18.1			Additional measurements found in 2021_AUWA_banding_data.xlsx
UF19T05	AUWA	AUWA_SW	N	Sample	2022	19-Jun	2021	AZ	Kaibab NF	36.621677	-112.26255	2473	8:50	289043855	M	AHY	Y	Y	3	Y-Toews-Cannon	DPT	79	59	19.8			Additional measurements found in 2021_AUWA_banding_data.xlsx
UF19T06	AUWA	AUWA_SW	N	Sample	2022	19-Jun	2021	AZ	Kaibab NF	36.621715	-112.274076	2501	9:26	289043856	M	AHY	Y	Y	3	Y-Toews-Cannon	DPT	79	61	18.7		Bumpy nose	Additional measurements found in 2021_AUWA_banding_data.xlsx
UF19T07	AUWA	AUWA_SW	N	Sample	2022	19-Jun	2021	AZ	Kaibab NF	36.586066	-112.255384	2524	10:30	289043857	M	AHY	Y	Y	3	Y-Toews-Cannon	DPT	80	62	19.6			Additional measurements found in 2021_AUWA_banding_data.xlsx
UF20T01	AUWA	AUWA_SW	N	Sample	2022	19-Jun	2021	AZ	Kaibab NF	36.615036	-112.269529	2515	5:21	289043858	M	AHY	Y	Y	3	Y-Toews-Cannon	DPT	80	62	18.6		Kipps from memory	Additional measurements found in 2021_AUWA_banding_data.xlsx
UF20T03	AUWA	AUWA_SW	N	Sample	2022	19-Jun	2021	AZ	Kaibab NF	36.586537	-112.25629	2522	6:27	289043860	M	AHY	Y	Y	3	Y-Toews-Cannon	DPT	79	60	19.7			Additional measurements found in 2021_AUWA_banding_data.xlsx
UF20T04	AUWA	AUWA_SW	N	Sample	2022	19-Jun	2021	AZ	Kaibab NF	36.581454	-112.247935	2547	7:40	289043861	F	AHY	Y	Y	0	Y-Toews-Cannon	DPT	74	57	18.9		BP=1	Additional measurements found in 2021_AUWA_banding_data.xlsx
UF20T05	AUWA	AUWA_SW	N	Sample	2022	19-Jun	2021	AZ	Kaibab NF	36.567969	-112.228969	2575	8:37	289043862	M	AHY	Y	Y	3	Y-Toews-Cannon	DPT	79	62	18.6			Additional measurements found in 2021_AUWA_banding_data.xlsx
UF20T06	AUWA	AUWA_SW	N	Sample	2022	19-Jun	2021	AZ	Kaibab NF	36.52808	-112.210628	2631	10:00	289043863	M	AHY	Y	Y	3	Y-Toews-Cannon	DPT	80	62	19.6			Additional measurements found in 2021_AUWA_banding_data.xlsx
UF20T07	AUWA	AUWA_SW	N	Sample	2022	19-Jun	2021	AZ	Kaibab NF	36.510322	-112.199516	2670	10:55	289043864	F	AHY	Y	Y	0	Y-Toews-Cannon	DPT	74	58	18			Additional measurements found in 2021_AUWA_banding_data.xlsx
VE29P01	UYRW	YRWA_hybrid_zone_2022	N	Sample	2022	29-May	2022	AB	Sibbald Creek Trail	51.031832	-115.012685	1380	6:43	279000605	M	SY	Y	Y	3	Cannon	LP	75	58	17.6			Wing patch from photo
VE29P02	UYRW	YRWA_hybrid_zone_2022	N	Sample	2022	29-May	2022	AB	Sibbald Creek Trail	51.031832	-115.012685	1380	6:50	279000606	M	SY?	Y	Y	3	Cannon	LP	78	58	19.2			Wing patch from photo
VE29P03	UYRW	YRWA_hybrid_zone_2022	N	Sample	2022	29-May	2022	AB	Sibbald Creek Trail	51.033926	-115.004625	1414	8:00	279000608	M	SY	Y	Y	3	Cannon	LP	76	60	18.3			Wing patch from photo
VE29P04	UYRW	YRWA_hybrid_zone_2022	N	Sample	2022	29-May	2022	AB	Sibbald Creek Trail	51.052767	-114.946834	1520	9:55	279000609	M?	SY	Y	Y	2	Cannon	LP	69	55	18.9			Wing patch from photo
VE29P05	UYRW	YRWA_hybrid_zone_2022	N	Sample	2022	29-May	2022	AB	Sibbald Creek Trail	51.053853	-114.929431	1492	11:00	279000611	M	SY	Y	Y	3	Cannon	LP	75	56	19			Wing patch from photo; new corners from photo
VE29T03	UYRW	YRWA_hybrid_zone_2022	N	Sample	2022	29-May	2022	AB	Sibbald Creek Trail	51.033926	-115.004625	1414	8:00	279000607	M	SY	Y	Y	3	Cannon	DT	72	57	17.8			Wing patch from photo
VE29T04	UYRW	YRWA_hybrid_zone_2022	N	Sample	2022	29-May	2022	AB	Sibbald Creek Trail	51.052767	-114.946834	1520	10:20	279000610	M	SY	Y	Y	3	Cannon	DT	76	61	19.1			Wing patch from photo
VE29T05	UYRW	YRWA_hybrid_zone_2022	N	Sample	2022	29-May	2022	AB	Sibbald Creek Trail	51.053853	-114.929431	1492	11:35	279000612	M	ASY?	Y	Y	3	Cannon	DT	74	58	18.7			Wing patch from photo; new corners from photo
VE30B01	MYWA	Opportunistic_PA	N	Sample	2022	30-May	2022	PA	Ridge Rd	39.967542	-77.454512	586	12:25	294064301	M	AHY	Y	Y	3	Y-Canon green	MB	71	54	18.4		Feathers for Steph
VE30P01	UYRW	YRWA_hybrid_zone_2022	N	Sample	2022	30-May	2022	AB	Sibbald Creek Trail	51.051727	-114.913464	1375	6:02	279000614	M	SY	Y	Y	3	Cannon	LP	78	60	18.5			Wing patch from photo; new corners from photo
VE30P03	MYWA	YRWA_hybrid_zone_2022	N	Sample	2022	30-May	2022	AB	Sibbald Creek Trail	51.044812	-114.829035	1459	9:54	279000618	M	ASY?	Y	Y	3	Cannon	LP	76	60	18			Wing patch from photo
VE30T01	UYRW	YRWA_hybrid_zone_2022	N	Sample	2022	30-May	2022	AB	Sibbald Creek Trail	51.051727	-114.913464	1375	6:02	279000613	M	SY?	Y	Y	2	Cannon	DT	72	54	16.6			Wing patch from photo; new corners from photo
VE30T02	UYRW	YRWA_hybrid_zone_2022	N	Sample	2022	30-May	2022	AB	Sibbald Creek Trail	51.041039	-114.896185	1461	7:13	279000615	M	SY	Y	Y	2	Cannon	DT	74	60	18.1			Wing patch from photo
VE30T03	UYRW	YRWA_hybrid_zone_2022	N	Sample	2022	30-May	2022	AB	Sibbald Creek Trail	51.041382	-114.86568	1490	8:33	279000617	M	ASY?	Y	Y	3	Cannon	DT	78	58	18.4			Wing patch from photo; new corners from photo; few black spots on throat, some yellow in spot
VE30T04	UYRW	YRWA_hybrid_zone_2022	N	Sample	2022	30-May	2022	AB	Sibbald Creek Trail	51.044812	-114.829035	1459	10:00	279000619	M	SY	Y	Y	3	Cannon	DT	74	58	18.3			Wing patch from photo
VE31P02	UYRW	YRWA_hybrid_zone_2022	N	Sample	2022	31-May	2022	AB	Sibbald Creek Trail	51.022029	-114.897672	1521	6:47	279000623	M	SY	Y	Y	3	Cannon	LP	76	60	18.7			Wing patch from photo; on further inspection 279000620 was lost on ground and not recovered
VE31P05	UYRW	YRWA_hybrid_zone_2022	N	Sample	2022	31-May	2022	AB	Sibbald Creek Trail	50.950191	-114.948448	1768	10:39	279000629	M	SY	Y	Y	3	Cannon	LP	78	60	19.5			Wing patch from photo
VE31T01	AUWA	YRWA_hybrid_zone_2022	N	Sample	2022	31-May	2022	AB	Sibbald Creek Trail	51.022029	-114.897672	1521	6:10	279000622	M	ASY	Y	Y	3	Cannon	DT	76	60	18.2			Wing patch from photo; on further inspection 279000620 was lost on ground and not recovered
VE31T02	UYRW	YRWA_hybrid_zone_2022	N	Sample	2022	31-May	2022	AB	Sibbald Creek Trail	51.014875	-114.905497	1550	7:30	279000624	M	SY	Y	Y	3	Cannon	DT	75	60	18.6			Wing patch from photo; 003 recording is not this bird. Its close but not one that was caught. Took litle blood. R4 feather in empty buffer tube!
VE31T03	UYRW	YRWA_hybrid_zone_2022	N	Sample	2022	31-May	2022	AB	Sibbald Creek Trail	51.011753	-114.920457	1606	8:23	279000626	F	AHY	Y	Y	0	Cannon	DT	69	55	18			Wing patch from photo
VE31T04	UYRW	YRWA_hybrid_zone_2022	N	Sample	2022	31-May	2022	AB	Sibbald Creek Trail	50.988822	-114.954745	1645	9:33	279000628	M	SY	Y	Y	3	Cannon	DT	72	55	18.9			Wing patch from photo
VE31T05	UYRW	YRWA_hybrid_zone_2022	N	Sample	2022	31-May	2022	AB	Sibbald Creek Trail	50.950191	-114.948448	1768	10:40	279000630	M	SY	Y	Y	3	Cannon	DT	76	61	17.5			Wing patch from photo; another bird in background of call recording
VF01P02	UYRW	YRWA_hybrid_zone_2022	N	Sample	2022	1-Jun	2022	AB	Sibbald Creek Trail	50.892766	-114.908135	1799	7:45	279000633	M?	SY	Y	Y	2	Cannon	LP	73	58	17.8			Female? SY male? Very faint call at end
VF01P03	UYRW	YRWA_hybrid_zone_2022	N	Sample	2022	1-Jun	2022	AB	Sibbald Creek Trail	50.881891	-114.896775	1717	8:52	279000635	M?	AHY	Y	Y	2	Cannon	LP	70	55	17.9			Look ~female?
VF01P04	UYRW	YRWA_hybrid_zone_2022	N	Sample	2022	1-Jun	2022	AB	Sibbald Creek Trail	50.862893	-114.888861	1739	10:40	279000637	M	SY	Y	Y	3	Cannon	LP	80	60	18.4
VF01P05	UYRW	YRWA_hybrid_zone_2022	N	Sample	2022	1-Jun	2022	AB	Sibbald Creek Trail	50.822698	-114.867169	1697	11:38	279000639	M?	SY	Y	Y	2	Cannon	LP	71	57	19.2
VF01T02	UYRW	YRWA_hybrid_zone_2022	N	Sample	2022	1-Jun	2022	AB	Sibbald Creek Trail	50.881891	-114.896775	1717	8:50	279000634	M	SY	Y	Y	3	Cannon	DT	78	62	17.9			1 poop tube from Dave's finger (P1) the bag P2
VF01T03	UYRW	YRWA_hybrid_zone_2022	N	Sample	2022	1-Jun	2022	AB	Sibbald Creek Trail	50.880121	-114.891539	1693	9:44	279000636	M	SY	Y	Y	3	Cannon	DT	73	59	17.5
VF01T04	UYRW	YRWA_hybrid_zone_2022	N	Sample	2022	1-Jun	2022	AB	Sibbald Creek Trail	50.822698	-114.867169	1697	11:34	279000638	M	AHY	Y	Y	3	Cannon	DT	77	52	18.2
VF01Z01	MYWA	AK_BC_myrtle	N	Sample	2022	1-Jun	2022	AK	Bicentennial Park	61.161057	-149.758161	350	6:25	298007001	M	SY	Y	Y	1	Steph's iPhone	Steph	82	57	19.5	N	Tested geolocator harness 16 mm - good fit, maybe slightly tight, accidentally applied Canadian bands	Steph: 2022_YRWA_records_AK_BC
VF02J01	MYWA	AK_BC_myrtle	N	Sample	2022	2-Jun	2022	AK	Bicentennial Park	61.155305	-149.746109	413	9:22	289043877	M	SY	Y	Y	2	None	Johanna	72	58	19.1	N	Dropped blood tube and half spilled out, forgot to take photo before release, very worn tail	Steph: 2022_YRWA_records_AK_BC
VF02P01	UYRW	YRWA_hybrid_zone_2022	N	Sample	2022	2-Jun	2022	AB	Homestead Road	51.029299	-114.786068	1409	7:12	279000641	M	ASY	Y	Y	3	Cannon	LP	78	60	19.1
VF02T01	UYRW	YRWA_hybrid_zone_2022	N	Sample	2022	2-Jun	2022	AB	Homestead Road	51.036817	-114.789426	1390	6:28	279000640	M	SY	Y	Y	3	Cannon	DT	74	60	18.5
VF02T03	UYRW	YRWA_hybrid_zone_2022	N	Sample	2022	2-Jun	2022	AB	Homestead Road	51.026062	-114.774848	1416	9:35	279000644	F	AHY	Y	Y	0	Cannon	DT	73	58	17.8			Few greater coverts molted
VF02Z01	MYWA	AK_BC_myrtle	N	Sample	2022	2-Jun	2022	AK	Bicentennial Park	61.166342	-149.765131	285	6:08	289043874	M	ASY	Y	Y	3	Steph's iPhone	Steph	76	61	18.9	CG182	Forgot culmen and Kipp's, greater coverts all looked like same generation (took photo), unsure about geo placement since first one (slanted? Too loose?)	Steph: 2022_YRWA_records_AK_BC
VF02Z02	MYWA	AK_BC_myrtle	N	Sample	2022	2-Jun	2022	AK	Bicentennial Park	61.15843	-149.750052	413	7:50	289043875	M	ASY	Y	Y	3	Steph's iPhone	Steph	79	61	18.4	CG181	Bird took a long time to acclimate to geolocator. Did not want to fly. Fell from branch onto ground. Put back in bag several times. Eventually flew up into tree but clumsily hopped from branch to branch	Steph: 2022_YRWA_records_AK_BC
VF02Z03	MYWA	AK_BC_myrtle	N	Sample	2022	2-Jun	2022	AK	Bicentennial Park	61.155305	-149.746109	413	9:22	289043876	M	ASY	Y	Y	3	Steph's iPhone	Steph	78	61	19	CG178	Geolocator attached very quickly and in perfect position! Bird flew low but was not as hesitant as previous bird.	Steph: 2022_YRWA_records_AK_BC
VF03J01	MYWA	AK_BC_myrtle	N	Sample	2022	3-Jun	2022	AK	Bicentennial Park	61.153532	-149.739017	469	6:33	289043878	M	ASY	Y	Y	3	Steph's iPhone	Johanna	75	58	19.3	N	Forgot culmen. One wing longer than the other (Kipp's 21.1)	Steph: 2022_YRWA_records_AK_BC
VF03P02	UYRW	YRWA_hybrid_zone_2022	N	Sample	2022	3-Jun	2022	AB	Barrier Lake	51.0293	-115.024675	1414	7:04	279000647	M	AHY	Y	Y	3	Cannon	LP	77	62	18.6
VF03P03	UYRW	YRWA_hybrid_zone_2022	N	Sample	2022	3-Jun	2022	AB	Barrier Lake	51.024171	-115.02113	1479	8:57	279000649	M	SY	Y	Y	3	Cannon	LP	76	59	18.2
VF03P04	UYRW	YRWA_hybrid_zone_2022	N	Sample	2022	3-Jun	2022	AB	Barrier Lake	51.017934	-115.017106	1535	10:26	279000651	M	ASY	Y	Y	3	Cannon	LP	76	59	18
VF03T01	UYRW	YRWA_hybrid_zone_2022	N	Sample	2022	3-Jun	2022	AB	Barrier Lake	51.028282	-115.033195	1388	5:49	279000646	M	SY	Y	Y	3	Cannon	DT	73	57	17.5			"Yellow boy"
VF03T02	UYRW	YRWA_hybrid_zone_2022	N	Sample	2022	3-Jun	2022	AB	Barrier Lake	51.024171	-115.02113	1479	8:50	279000648	M	ASY	Y	Y	3	Cannon	DT	75	58	18.7
VF03T03	UYRW	YRWA_hybrid_zone_2022	N	Sample	2022	3-Jun	2022	AB	Barrier Lake	51.024171	-115.02113	1479	8:57	279000650	F?	SY	Y	Y	1	Cannon	DT	72	58	18.4
VF03Z01	MYWA	AK_BC_myrtle	N	Sample	2022	3-Jun	2022	AK	Bicentennial Park	61.15294	-149.735734	502	7:28	289043879	M	ASY	Y	Y	3	Steph's iPhone	Steph	77	60	19.8	CG180	Only had two retrices	Steph: 2022_YRWA_records_AK_BC
VF03Z02	MYWA	AK_BC_myrtle	N	Sample	2022	3-Jun	2022	AK	Bicentennial Park	61.154597	-149.73866	479	9:14	289043880	M	ASY	Y	Y	3	Steph's iPhone	Steph	74	58	18.2	CG179		Steph: 2022_YRWA_records_AK_BC
VF04P01	MYWA	YRWA_hybrid_zone_2022	N	Sample	2022	4-Jun	2022	AB	Sibbald / Jumping Pound	51.038377	-114.811187	1431	6:08	279000653	M	AHY	Y	Y	3	Cannon	LP	75	NA	18.7			Dropped most tail feathers in the bag
VF04P02	UYRW	YRWA_hybrid_zone_2022	N	Sample	2022	4-Jun	2022	AB	Sibbald / Jumping Pound	51.048284	-114.809575	1440	8:37	279000655	M	SY	Y	Y	3	Cannon	LP	73	56	18.5
VF04P03	UYRW	YRWA_hybrid_zone_2022	N	Sample	2022	4-Jun	2022	AB	Sibbald / Jumping Pound	51.044504	-114.795385	1429	9:58	279000657	M	AHY	Y	Y	3	Cannon	LO	77	62	18.7
VF04T01	UYRW	YRWA_hybrid_zone_2022	N	Sample	2022	4-Jun	2022	AB	Sibbald / Jumping Pound	51.038377	-114.811187	1431	6:05	279000652	M	SY	Y	Y	3	Cannon	DT	75	59	19.3
VF04T02	UYRW	YRWA_hybrid_zone_2022	N	Sample	2022	4-Jun	2022	AB	Sibbald / Jumping Pound	51.033175	-114.80833	1424	7:42	279000654	M	AHY	Y	Y	3	Cannon	DT	73	56	18.2			recording 220604_003 (song)
VF05B01	UYRW	YRWA_hybrid_zone_2022	N	Sample	2022	5-Jun	2022	AB	Barrier Lake Field Station	51.025478	-115.03908	1427	9:30	279000660	M	SY	Y	Y	3	Canon	MB	75	60	18.6
VF05P01	UYRW	YRWA_hybrid_zone_2022	N	Sample	2022	5-Jun	2022	AB	Barrier Lake Field Station	51.028063	-115.03878	1393	8:39	279000659	M	AHY	Y	Y	3	Canon	LP	76	58	19.5
VF05P02	UYRW	YRWA_hybrid_zone_2022	N	Sample	2022	5-Jun	2022	AB	Barrier Lake Field Station	51.023699	-115.04687	1440	10:33	279000662	M	AHY	Y	Y	3	Canon	LP	77	60	19
VF05T02	AUWA	YRWA_hybrid_zone_2022	N	Sample	2022	5-Jun	2022	AB	Barrier Lake Field Station	51.023699	-115.04687	1440	10:20	279000661	M	SY	Y	Y	3	??	DT	74	56	17.9
VF06B01	UYRW	YRWA_hybrid_zone_2022	N	Sample	2022	6-Jun	2022	AB	Yamnuska	51.1117	-115.09756	1336	6:25	279000664	M	ASY	Y	Y	3	Canon	MB	76	59	18
VF06B02	UYRW	YRWA_hybrid_zone_2022	N	Sample	2022	6-Jun	2022	AB	Yamnuska	51.109176	-115.09076	1325	8:50	279000667	M	SY	Y	Y	3	Canon	MB	76	60	18.8
VF06B03	UYRW	YRWA_hybrid_zone_2022	N	Sample	2022	6-Jun	2022	AB	Yamnuska	51.105899	-115.09035	1325	10:24	279000670	M	SY	Y	Y	3	Canon	MB	73	60	19
VF06J01	MYWA	AK_BC_myrtle	N	Sample	2022	6-Jun	2022	AK	Bicentennial Park	61.159578	-149.733763	430	7:40	289043882	M	ASY	Y	Y	3	Steph's iPhone	Johanna	78	61	19.2	CG183		Steph: 2022_YRWA_records_AK_BC
VF06J02	MYWA	AK_BC_myrtle	N	Sample	2022	6-Jun	2022	AK	Bicentennial Park	61.160135	-149.729227	459	9:40	289043884	M	SY	Y	Y	2	Steph's iPhone	Johanna	76	61	19.7	CG197	No molt limit on one wing (but present on the other), very brown head (retained juvenile feathers?)	Steph: 2022_YRWA_records_AK_BC
VF06P01	UYRW	YRWA_hybrid_zone_2022	N	Sample	2022	6-Jun	2022	AB	Yamnuska	51.110885	-115.09499	1340	7:40	279000665	M	SY	Y	Y	3	Canon	LP	72	57	18.5			Some black streaking in throat
VF06P02	UYRW	YRWA_hybrid_zone_2022	N	Sample	2022	6-Jun	2022	AB	Yamnuska	51.108586	-115.08772	1326	9:31	279000668	M	SY	Y	Y	3	Canon	LP	77	60	19.3
VF06P03	UYRW	YRWA_hybrid_zone_2022	N	Sample	2022	6-Jun	2022	AB	Yamnuska	51.107449	-115.08861	1328	11:00	279000671	M	AHY	Y	Y	3	Canon	LP	71	55	18
VF06T01	UYRW	YRWA_hybrid_zone_2022	N	Sample	2022	6-Jun	2022	AB	Yamnuska	51.110885	-115.09499	1340	8:01	279000666	M	AHY	Y	Y	3	Canon	DT	73	58	18.1
VF06T02	UYRW	YRWA_hybrid_zone_2022	N	Sample	2022	6-Jun	2022	AB	Yamnuska	51.108586	-115.08772	1326	9:31	279000669	F	ASY	Y	Y	0	Canon	DT	74	57	18.3
VF06T03	UYRW	YRWA_hybrid_zone_2022	N	Sample	2022	6-Jun	2022	AB	Yamnuska	51.114994	-115.07912	1331	11:46	279000672	M	SY	Y	Y	3	Canon	DT	73	57	17.8
VF06Z01	MYWA	AK_BC_myrtle	N	Sample	2022	6-Jun	2022	AK	Bicentennial Park	61.159536	-149.742567	410	6:27	289043881	M	SY	N	Y	3	Steph's iPhone	Steph	72	55	19.5	CG201	Unable to get blood sample	Steph: 2022_YRWA_records_AK_BC
VF06Z02	MYWA	AK_BC_myrtle	N	Sample	2022	6-Jun	2022	AK	Bicentennial Park	61.159578	-149.733763	430	8:08	289043883	M	SY	Y	Y	3	Steph's iPhone	Steph	76	60	18.7	N		Steph: 2022_YRWA_records_AK_BC
VF07B01	UYRW	YRWA_hybrid_zone_2022	N	Sample	2022	7-Jun	2022	AB	Evan Thomas	50.901529	-115.13577	1488	9:48	279000673	M	AHY	Y	Y	3	Canon	MB	80	63	19.4
VF07B02	UYRW	YRWA_hybrid_zone_2022	N	Sample	2022	7-Jun	2022	AB	Evan Thomas	50.898793	-115.13366	1503	11:18	279000676	M	SY	Y	Y	3	Canon	MB	74	59	19.3
VF07B03	UYRW	YRWA_hybrid_zone_2022	N	Sample	2022	7-Jun	2022	AB	Evan Thomas	50.896134	-115.12698	1538	12:45	279000679	F	SY	Y	Y	1	Canon	MB	70	55	19.3
VF07J02	MYWA	AK_BC_myrtle	N	Sample	2022	7-Jun	2022	AK	Bicentennial Park	61.160638	-149.718433	571	9:25	289043888	M	ASY	Y	Y	3	Steph's iPhone	Johanna	75	59	17.6	CG184		Steph: 2022_YRWA_records_AK_BC
VF07P01	UYRW	YRWA_hybrid_zone_2022	N	Sample	2022	7-Jun	2022	AB	Evan Thomas	50.901529	-115.13577	1488	9:58	279000674	F?	SY	Y	Y	1?	Canon	LP	73	57	19.3			Called a lot, followed by previous M
VF07P02	UYRW	YRWA_hybrid_zone_2022	N	Sample	2022	7-Jun	2022	AB	Evan Thomas	50.895389	-115.13027	1529	12:05	279000677	M	ASY	Y	Y	3	Canon	LP	78	58	18.5
VF07T01	UYRW	YRWA_hybrid_zone_2022	N	Sample	2022	7-Jun	2022	AB	Evan Thomas	50.899347	-115.13449	1502	10:48	279000675	F	SY	Y	Y	0	Canon	DT	70	57	17.6
VF07T02	UYRW	YRWA_hybrid_zone_2022	N	Sample	2022	7-Jun	2022	AB	Evan Thomas	50.896134	-115.12698	1538	12:42	279000678	M	SY	Y	Y	3	Canon	DT	76	60	18.6
VF07Z01	MYWA	AK_BC_myrtle	N	Sample	2022	7-Jun	2022	AK	Bicentennial Park	61.162198	-149.72535	492	6:30	289043885	M	ASY	Y	Y	3	Steph's iPhone	Steph	78	60	19.5	CG194	No greater covert PA molt limit	Steph: 2022_YRWA_records_AK_BC
VF07Z02	MYWA	AK_BC_myrtle	N	Sample	2022	7-Jun	2022	AK	Bicentennial Park	61.161621	-149.719101	551	8:40	289043887	M	SY	Y	Y	3	Steph's iPhone	Steph	76	58	19.3	N		Steph: 2022_YRWA_records_AK_BC
VF08B01	UYRW	YRWA_hybrid_zone_2022	N	Sample	2022	8-Jun	2022	AB	Evan Thomas	50.903347	-115.13291	1497	6:33	279000682	F	AHY	Y	Y	1	Canon	MB	76	60	18.6
VF08B02	UYRW	YRWA_hybrid_zone_2022	N	Sample	2022	8-Jun	2022	AB	Evan Thomas	50.901037	-115.12602	1528	9:50	279000685	M	AHY	Y	Y	3	Canon	MB	78	60	19.1
VF08J01	MYWA	AK_BC_myrtle	N	Sample	2022	8-Jun	2022	AK	Bicentennial Park	61.164353	-149.780455	256	6:34	289043889	M	ASY	Y	Y	3	Steph's iPhone	Johanna	78	62	20.3	N		Steph: 2022_YRWA_records_AK_BC
VF08J02	MYWA	AK_BC_myrtle	N	Sample	2022	8-Jun	2022	AK	Bicentennial Park	61.161582	-149.789509	240	8:05	289043891	M	SY	Y	Y	3	Steph's iPhone	Johanna	75	58	19.5	CG189		Steph: 2022_YRWA_records_AK_BC
VF08J03	MYWA	AK_BC_myrtle	N	Sample	2022	8-Jun	2022	AK	Bicentennial Park	61.165848	-149.787023	240	10:45	289043893	F	ASY	N	Y	0	Steph's iPhone	Johanna	69	55	18.2	N	Wrinkly brood patch	Steph: 2022_YRWA_records_AK_BC
VF08P01	UYRW	YRWA_hybrid_zone_2022	N	Sample	2022	8-Jun	2022	AB	Evan Thomas	50.90316	-115.13486	1490	5:48	279000680	M	ASY	Y	Y	3	Canon	LP	79	61	18.8			Light brown, slimy poop. Faint call; song 220608-003
VF08P02	UYRW	YRWA_hybrid_zone_2022	N	Sample	2022	8-Jun	2022	AB	Evan Thomas	50.899382	-115.12735	1532	8:00	279000683	M	ASY	Y	Y	3	Canon	LP	76	60	19.3			Recaught--second recording 220608-007
VF08P03	UYRW	YRWA_hybrid_zone_2022	N	Sample	2022	8-Jun	2022	AB	Evan Thomas	50.905315	-115.12783	1528	11:09	279000686	M	ASY	Y	Y	3	Canon	LP	77	61	18.6
VF08T02	UYRW	YRWA_hybrid_zone_2022	N	Sample	2022	8-Jun	2022	AB	Evan Thomas	50.897372	-115.12682	1537	8:41	279000684	M	SY	Y	Y	3	Canon	DT	77	61	18.8
VF08Z01	MYWA	AK_BC_myrtle	N	Sample	2022	8-Jun	2022	AK	Bicentennial Park	61.162377	-149.785316	249	7:17	289043890	M	SY	Y	Y	3	Steph's iPhone	Steph	78	61	19.7	CG186	Little bit of yellow on the throat	Steph: 2022_YRWA_records_AK_BC
VF08Z02	MYWA	AK_BC_myrtle	N	Sample	2022	8-Jun	2022	AK	Bicentennial Park	61.15942	-149.795684	223	9:02	289043892	M	SY	Y	Y	3	Steph's iPhone	Steph	75	57	18.5	N		Steph: 2022_YRWA_records_AK_BC
VF09Z01	MYWA	AK_BC_myrtle	N	Sample	2022	9-Jun	2022	AK	Bicentennial Park	61.154312	-149.729879	538	7:13	289043894	M	ASY	Y	Y	3	Steph's iPhone	Steph	78	61	19.4	CG188	A little hesitant to fly at first, then flew	Steph: 2022_YRWA_records_AK_BC
VF09Z02	MYWA	AK_BC_myrtle	N	Sample	2022	9-Jun	2022	AK	Bicentennial Park	61.164303	-149.77089	276	9:31	289043896	M	ASY	N	Y	3	Steph's iPhone	Steph	79	62	19.4	CG195	Flew onto ground under tree, but when looked for him didn't see a bird, myrtle singing in tree nearby	Steph: 2022_YRWA_records_AK_BC
VF10J01	MYWA	AK_BC_myrtle	N	Sample	2022	10-Jun	2022	AK	Bicentennial Park	61.16152	-149.769847	292	5:56	289043897	M	ASY	Y	Y	3	Steph's iPhone	Johanna	76	56	19.5	CG202	Feisty bird. Very liquid poop - smeared and just got a small sample	Steph: 2022_YRWA_records_AK_BC
VF10J02	MYWA	AK_BC_myrtle	N	Sample	2022	10-Jun	2022	AK	Bicentennial Park	61.159559	-149.772005	295	7:23	289043899	M	ASY	Y	Y	3	Steph's iPhone	Johanna	76	59	20.1	CG199	Flew great	Steph: 2022_YRWA_records_AK_BC
VF10J03	MYWA	AK_BC_myrtle	N	Sample	2022	10-Jun	2022	AK	Bicentennial Park	61.156311	-149.776622	285	8:54	289043947	M	SY	Y	Y	3	Steph's iPhone	Johanna	75	57	18.6	N	Replaced all greater coverts, alula not molted	Steph: 2022_YRWA_records_AK_BC
VF10J04	MYWA	AK_BC_myrtle	N	Sample	2022	10-Jun	2022	AK	Bicentennial Park	61.152856	-149.787763	262	10:32	289043949	M	SY	Y	Y	3	Steph's iPhone	Johanna	76	60	19.2	N	Little yellow on throat	Steph: 2022_YRWA_records_AK_BC
VF10Z01	MYWA	AK_BC_myrtle	N	Sample	2022	10-Jun	2022	AK	Bicentennial Park	61.159836	-149.770273	299	6:40	289043898	M	SY	Y	Y	3	Steph's iPhone	Steph	76	NA	18.7	N	Dropped tail when started escaping :( Small blood sample	Steph: 2022_YRWA_records_AK_BC
VF10Z02	MYWA	AK_BC_myrtle	N	Sample	2022	10-Jun	2022	AK	Bicentennial Park	61.156725	-149.77432	289	8:14	289043900	M	SY	Y	Y	3	Steph's iPhone	Steph	78	60	19	CG191		Steph: 2022_YRWA_records_AK_BC
VF10Z03	MYWA	AK_BC_myrtle	N	Sample	2022	10-Jun	2022	AK	Bicentennial Park	61.154256	-149.785869	276	9:40	289043948	M	SY	Y	Y	3	Steph's iPhone	Steph	78	60	19.6	CG185	Geo number by process of elimination, forgot to put on color band	Steph: 2022_YRWA_records_AK_BC
VF11Z01	MYWA	AK_BC_myrtle	N	Sample	2022	11-Jun	2022	AK	Bicentennial Park	61.160895	-149.777487	276	6:15	289043950	M	SY	Y	Y	3	Steph's iPhone	Steph	79	63	18.8	CG203	A little hesitant to fly at first, then flew low	Steph: 2022_YRWA_records_AK_BC
VF12J01	MYWA	AK_BC_myrtle	N	Sample	2022	12-Jun	2022	AK	Bicentennial Park	61.160247	-149.765985	312	6:13	289043953	M	SY	Y	Y	3	Steph's iPhone	Johanna	73	57	18.1	CG192	Very small blood sample	Steph: 2022_YRWA_records_AK_BC
VF12J02	MYWA	AK_BC_myrtle	N	Sample	2022	12-Jun	2022	AK	Bicentennial Park	61.159512	-149.769894	302	7:20	289043955	M	SY	Y	Y	3	Steph's iPhone	Johanna	77	61	19.7	CG196		Steph: 2022_YRWA_records_AK_BC
VF12J04	MYWA	AK_BC_myrtle	N	Sample	2022	12-Jun	2022	AK	Bicentennial Park	61.15186	-149.791908	246	10:18	289043959	M	SY	Y	Y	3	Steph's iPhone	Johanna	77	57	19.6	N	Public outreach - birders	Steph: 2022_YRWA_records_AK_BC
VF12Z01	MYWA	AK_BC_myrtle	N	Sample	2022	12-Jun	2022	AK	Bicentennial Park	61.160247	-149.765985	312	6:18	289043954	M	SY	Y	Y	3	Steph's iPhone	Steph	75	58	19.2	N		Steph: 2022_YRWA_records_AK_BC
VF12Z02	MYWA	AK_BC_myrtle	N	Sample	2022	12-Jun	2022	AK	Bicentennial Park	61.159512	-149.769894	302	7:25	289043956	M	SY	Y	Y	3	Steph's iPhone	Steph	76	59	19.2	N		Steph: 2022_YRWA_records_AK_BC
VF12Z04	MYWA	AK_BC_myrtle	N	Sample	2022	12-Jun	2022	AK	Bicentennial Park	61.15186	-149.791908	246	10:20	289043960	M	ASY	N	Y	3	Steph's iPhone	Steph	77	60	19	N	Both blood squeezers contaminated so couldn't take sample	Steph: 2022_YRWA_records_AK_BC
VF13J01	MYWA	AK_BC_myrtle	N	Sample	2022	13-Jun	2022	AK	Bicentennial Park	61.158599	-149.798736	217	6:03	289043961	M	ASY	N	Y	3	Steph's iPhone	Johanna	79	61	20	N	Tiny vein, 2 little yellow patches on throat	Steph: 2022_YRWA_records_AK_BC
VF13J02	MYWA	AK_BC_myrtle	N	Sample	2022	13-Jun	2022	AK	Bicentennial Park	61.150015	-149.793231	253	7:50	289043963	M	ASY	Y	Y	3	Steph's iPhone	Johanna	77	62	19.3	CG205	Great flyer	Steph: 2022_YRWA_records_AK_BC
VF13J03	MYWA	AK_BC_myrtle	N	Sample	2022	13-Jun	2022	AK	Bicentennial Park	61.151538	-149.796584	233	10:11	289043965	M	SY	Y	Y	2	Steph's iPhone	Johanna	75	60	20.2	N	Ratty looking bird, greenish poop sample	Steph: 2022_YRWA_records_AK_BC
VF13Z01	MYWA	AK_BC_myrtle	N	Sample	2022	13-Jun	2022	AK	Bicentennial Park	61.157656	-149.793144	236	6:49	289043962	M	ASY	Y	Y	3	Steph's iPhone	Steph	69	61	18.6	CG206	Flew great!	Steph: 2022_YRWA_records_AK_BC
VF13Z02	MYWA	AK_BC_myrtle	N	Sample	2022	13-Jun	2022	AK	Bicentennial Park	61.147463	-149.785762	354	9:05	289043964	M	ASY	Y	Y	3	Steph's iPhone	Steph	76	58	18.7	N		Steph: 2022_YRWA_records_AK_BC
VF14J01	MYWA	AK_BC_myrtle	N	Sample	2022	14-Jun	2022	AK	Bicentennial Park	61.165691	-149.779153	256	6:44	289043967	M	SY	Y	Y	3	Steph's iPhone	Johanna	77	60	18.5	CG193	One covert generation, Flew low - may have gone on ground but dense understory, hard to tell	Steph: 2022_YRWA_records_AK_BC
VF14J02	MYWA	AK_BC_myrtle	N	Sample	2022	14-Jun	2022	AK	Bicentennial Park	61.166846	-149.783813	236	8:00	289043969	M	SY	N	Y	3	Steph's iPhone	Johanna	76	61	19.4	N		Steph: 2022_YRWA_records_AK_BC
VF14J03	MYWA	AK_BC_myrtle	N	Sample	2022	14-Jun	2022	AK	Bicentennial Park	61.168332	-149.784412	233	9:00	289043971	M	SY	Y	Y	3	Steph's iPhone	Johanna	78	60	19.7	N		Steph: 2022_YRWA_records_AK_BC
VF14Z01	MYWA	AK_BC_myrtle	N	Sample	2022	14-Jun	2022	AK	Bicentennial Park	61.165711	-149.775839	256	5:53	289043966	M	SY	Y	Y	3	Steph's iPhone	Steph	75	59	18.1	CG187	Went on ground twice, second time after hopping on branch, flew away when I got close	Steph: 2022_YRWA_records_AK_BC
VF14Z03	MYWA	AK_BC_myrtle	N	Sample	2022	14-Jun	2022	AK	Bicentennial Park	61.168332	-149.784412	233	8:58	289043970	M	SY	N	Y	3	Steph's iPhone	Steph	77	60	18.9	N		Steph: 2022_YRWA_records_AK_BC
VF14Z04	MYWA	AK_BC_myrtle	N	Sample	2022	14-Jun	2022	AK	Bicentennial Park	61.172287	-149.791453	220	10:09	289043972	M	SY	Y	Y	3	Steph's iPhone	Steph	75	59	19.3	N		Steph: 2022_YRWA_records_AK_BC
VF16B03	MYWA	Opportunistic_MI	N	Sample	2022	16-Jun	2022	MI	Natalie Rd	46.346382	-85.567209	223.7	9:50	294064303	M	SY?	Y	Y	3	Y-Canon green	MB	78	60	18.5		Feathers for Steph. Runny poop.
VF16B04	MYWA	Opportunistic_MI	N	Sample	2022	16-Jun	2022	MI	Natalie Rd	46.346382	-85.567209	223.7	9:53	294064304	M	AHY	Y	Y	3	Y-Canon green	MB	73	59	19.3		Feathers for Steph
VF19J01	MYWA	AK_BC_myrtle	N	Sample	2022	19-Jun	2022	BC	Teslin	59.998552	-132.116186	2671	5:45	298007003	M	ASY	Y	Y	3	Steph's iPhone	Johanna	75	57	19.3	N	Forgot photos	Steph: 2022_YRWA_records_AK_BC
VF19J02	MYWA	AK_BC_myrtle	N	Sample	2022	19-Jun	2022	BC	Teslin	59.999527	-132.117738	2694	6:47	298007005	M	SY	N	Y	2	Steph's iPhone	Johanna	75	57	20.2	N	Small vein	Steph: 2022_YRWA_records_AK_BC
VF19J03	MYWA	AK_BC_myrtle	N	Sample	2022	19-Jun	2022	BC	Teslin	59.923769	-131.836474	2687	9:00	298007007	M	ASY	Y	Y	3	Steph's iPhone	Johanna	76	58	20.3	N	Tail very worn, big bleeder	Steph: 2022_YRWA_records_AK_BC
VF19Z01	MYWA	AK_BC_myrtle	N	Sample	2022	19-Jun	2022	BC	Teslin	59.998552	-132.116186	2671	5:54	298007004	M	SY	Y	Y	3	Steph's iPhone	Steph	78	60	18.5	N		Steph: 2022_YRWA_records_AK_BC
VF19Z03	MYWA	AK_BC_myrtle	N	Sample	2022	19-Jun	2022	BC	Teslin	59.923769	-131.836474	2687	9:00	298007008	M	ASY	Y	Y	3	Steph's iPhone	Steph	69	64	18.5	N		Steph: 2022_YRWA_records_AK_BC
VF20J01	MYWA	AK_BC_myrtle	N	Sample	2022	20-Jun	2022	BC	Watson Lake	59.969756	-128.544887	2080	6:10	298007009	M	ASY	Y	Y	3	Steph's iPhone	Johanna	76	60	19.5	N		Steph: 2022_YRWA_records_AK_BC
VF20Z01	MYWA	AK_BC_myrtle	N	Sample	2022	20-Jun	2022	BC	Watson Lake	59.933144	-128.464968	1903	7:33	298007010	M	SY	Y	Y	3	Steph's iPhone	Steph	73	57	18.3	N		Steph: 2022_YRWA_records_AK_BC
VF21J02	MYWA	AK_BC_myrtle	N	Sample	2022	21-Jun	2022	BC	Watson Lake	59.962261	-128.117085	2251	8:12	298007015	M	ASY	Y	Y	3	Steph's iPhone	Johanna	74	58	19.1	N		Steph: 2022_YRWA_records_AK_BC
VF21Z01	MYWA	AK_BC_myrtle	N	Sample	2022	21-Jun	2022	BC	Watson Lake	59.933663	-128.233565	2113	6:16	298007012	M	SY	Y	Y	3	Steph's iPhone	Steph	74	58	18	N		Steph: 2022_YRWA_records_AK_BC
VF21Z02	MYWA	AK_BC_myrtle	N	Sample	2022	21-Jun	2022	BC	Watson Lake	59.956459	-128.183728	2018	7:01	298007014	M	SY	Y	Y	3	Steph's iPhone	Steph	73	59	18.1	N	Little yellow on throat, tail ragged	Steph: 2022_YRWA_records_AK_BC
VF21Z03	MYWA	AK_BC_myrtle	N	Sample	2022	21-Jun	2022	BC	Watson Lake	59.998837	-127.870054	1870	10:00	298007016	M	SY	N	Y	3	Steph's iPhone	Steph	73	61	19.2	N	Pooped a lot in bag and in hand	Steph: 2022_YRWA_records_AK_BC
VF22J01	MYWA	AK_BC_myrtle	N	Sample	2022	22-Jun	2022	BC	Coal River	59.638557	-127.132458	1699	7:15	298007017	M	ASY	Y	Y	3	Steph's iPhone	Johanna	76	59	19.9	N		Steph: 2022_YRWA_records_AK_BC
VF22J02	MYWA	AK_BC_myrtle	N	Sample	2022	22-Jun	2022	BC	Coal River	59.689941	-127.188694	1804	10:00	298007019	M	ASY	Y	Y	3	Steph's iPhone	Johanna	75	58	19.9	N	CP more like 2.5, very crappy net lane, two grizzlies when bringing bird back to car!	Steph: 2022_YRWA_records_AK_BC
VF22Z01	MYWA	AK_BC_myrtle	N	Sample	2022	22-Jun	2022	BC	Coal River	59.666324	-127.145153	1680	8:25	298007018	M	SY	Y	Y	3	Steph's iPhone	Steph	74	57	18.5	N	Very worn primaries, measured left wing	Steph: 2022_YRWA_records_AK_BC
VF23J01	MYWA	AK_BC_myrtle	N	Sample	2022	23-Jun	2022	BC	Coal River	59.724636	-127.267768	2260	6:42	298007021	M	ASY	Y	Y	3	Steph's iPhone	Johanna	75	57	19.1	N		Steph: 2022_YRWA_records_AK_BC
VF23J02	MYWA	AK_BC_myrtle	N	Sample	2022	23-Jun	2022	BC	Coal River	59.724636	-127.267768	2260	6:52	298007023	M	ASY	Y	Y	3	Steph's iPhone	Johanna	76	59	19.8	N	Capture time estimated - found in closed net after release of previous bird	Steph: 2022_YRWA_records_AK_BC
VF23J03	MYWA	AK_BC_myrtle	N	Sample	2022	23-Jun	2022	BC	Coal River	59.759147	-127.476339	2005	9:17	298007025	M	ASY	Y	Y	3	Steph's iPhone	Johanna	75	59	19.2	N	Yellow gunk on throat, crusty, maybe pollen / food / possibly pigmentation but didn't seem like it	Steph: 2022_YRWA_records_AK_BC
VF23Z01	MYWA	AK_BC_myrtle	N	Sample	2022	23-Jun	2022	BC	Coal River	59.705823	-127.231384	1693	5:50	298007020	M	SY	Y	Y	3	Steph's iPhone	Steph	74	58	18.4	N	Huge, pointy CP	Steph: 2022_YRWA_records_AK_BC
VF23Z02	MYWA	AK_BC_myrtle	N	Sample	2022	23-Jun	2022	BC	Coal River	59.724636	-127.267768	2260	6:49	298007022	M	SY	Y	Y	3	Steph's iPhone	Steph	72	NA	18.7	N	Broken/missing tail	Steph: 2022_YRWA_records_AK_BC
VF23Z03	MYWA	AK_BC_myrtle	N	Sample	2022	23-Jun	2022	BC	Coal River	59.728131	-127.300326	2077	8:03	298007024	M	SY	Y	Y	3	Steph's iPhone	Steph	73	58	18.3	N		Steph: 2022_YRWA_records_AK_BC
VF23Z04	MYWA	AK_BC_myrtle	N	Sample	2022	23-Jun	2022	BC	Coal River	59.759188	-127.477425	1998	10:09	298007026	M	SY	Y	Y	3	Steph's iPhone	Steph	73	58	19.1	N	Gunk on culmen, small blood sample	Steph: 2022_YRWA_records_AK_BC
VF24J01	MYWA	AK_BC_myrtle	N	Sample	2022	24-Jun	2022	BC	Liard River	59.442353	-126.160007	1535	7:37	298007027	M	SY	Y	Y	3	Steph's iPhone	Johanna	73	56	19.2	N	Site on long dirt road (forest service?) - could be sampled more in future	Steph: 2022_YRWA_records_AK_BC
VF24J02	MYWA	AK_BC_myrtle	N	Sample	2022	24-Jun	2022	BC	Liard River	59.449932	-126.229232	1463	9:45	298007029	M	SY	Y	Y	3	Steph's iPhone	Johanna	73	56	19	N	Two birds in area, seem to be foraging - maybe nest with young nearby	Steph: 2022_YRWA_records_AK_BC
VF24Z01	MYWA	AK_BC_myrtle	N	Sample	2022	24-Jun	2022	BC	Liard River	59.447494	-126.214267	1463	8:23	298007028	M	ASY	Y	Y	3	Steph's iPhone	Steph	77	59	18.8	N		Steph: 2022_YRWA_records_AK_BC
VF25J01	MYWA	AK_BC_myrtle	N	Sample	2022	25-Jun	2022	BC	Toad River	58.851393	-125.253218	2280	6:25	298007031	M	ASY	Y	Y	3	Steph's iPhone	Johanna	70	56	17.7	N	Bit of yellow in throat	Steph: 2022_YRWA_records_AK_BC
VF25J02	MYWA	AK_BC_myrtle	N	Sample	2022	25-Jun	2022	BC	Toad River	58.851519	-125.257404	2270	8:05	298007033	M	ASY	Y	Y	3	Steph's iPhone	Johanna	75	58	18.7	N	Steph measured tarsus 18.1 (0.6 mm difference)	Steph: 2022_YRWA_records_AK_BC
VF25J03	MYWA	AK_BC_myrtle	N	Sample	2022	25-Jun	2022	BC	Toad River	58.852479	-125.2625	2224	9:42	298007035	M	ASY	Y	Y	3	Steph's iPhone	Johanna	74	57	18	N		Steph: 2022_YRWA_records_AK_BC
VF25Z01	MYWA	AK_BC_myrtle	N	Sample	2022	25-Jun	2022	BC	Toad River	58.849225	-125.241619	2356	5:45	298007030	M	SY	Y	Y	3	Steph's iPhone	Steph	73	57	18.1	N	Ratty tail, yellow on throat near bill, smallish blood sample	Steph: 2022_YRWA_records_AK_BC
VF25Z03	MYWA	AK_BC_myrtle	N	Sample	2022	25-Jun	2022	BC	Toad River	58.851519	-125.257404	2270	8:11	298007034	M	ASY	N	Y	3	Steph's iPhone	Steph	74	58	19.1	N	Johanna measured tarsus 19.7 (0.6 mm difference)	Steph: 2022_YRWA_records_AK_BC
VF26J02	MYWA	AK_BC_myrtle	N	Sample	2022	26-Jun	2022	BC	Toad River	58.822462	-125.13513	2297	7:47	298007039	M	SY	Y	Y	3	Steph's iPhone	Johanna	75	59	19.8	N	Yellow on throat, but probably pollen	Steph: 2022_YRWA_records_AK_BC
VF26J03	MYWA	AK_BC_myrtle	N	Sample	2022	26-Jun	2022	BC	Toad River	58.847692	-125.08935	2172	8:41	298007041	M	SY	Y	Y	3	Steph's iPhone	Johanna	70	55	18.8	N		Steph: 2022_YRWA_records_AK_BC
VF26Z01	MYWA	AK_BC_myrtle	N	Sample	2022	26-Jun	2022	BC	Toad River	58.825747	-125.144463	2283	5:55	298007036	M	ASY	Y	Y	3	Steph's iPhone	Steph	73	59	17.4	N		Steph: 2022_YRWA_records_AK_BC
VF26Z02	MYWA	AK_BC_myrtle	N	Sample	2022	26-Jun	2022	BC	Toad River	58.824352	-125.144196	2280	6:37	298007038	M	SY	Y	Y	3	Steph's iPhone	Steph	71	56	19.2	N	Tiny bit of yellow on throat, worn tail, smallish blood sample	Steph: 2022_YRWA_records_AK_BC
VF26Z03	MYWA	AK_BC_myrtle	N	Sample	2022	26-Jun	2022	BC	Toad River	58.847692	-125.08935	2172	8:39	298007040	M	SY	Y	Y	3	Steph's iPhone	Steph	75	59	18.2	N	Tail worn, a few retrices have been replaced	Steph: 2022_YRWA_records_AK_BC
VF27J01	MYWA	AK_BC_myrtle	N	Sample	2022	27-Jun	2022	BC	Toad River	58.84475	-125.217927	2372	6:25	298007043	M	SY	Y	Y	3	Steph's iPhone	Johanna	73	56	19.2	N	Smallish blood sample	Steph: 2022_YRWA_records_AK_BC
VF27J02	MYWA	AK_BC_myrtle	N	Sample	2022	27-Jun	2022	BC	Toad River	58.851798	-125.311533	2484	8:20	298007045	M	SY	Y	Y	3	Steph's iPhone	Johanna	74	55	20	N	Slight amount of yellow in throat	Steph: 2022_YRWA_records_AK_BC
VF27Z01	MYWA	AK_BC_myrtle	N	Sample	2022	27-Jun	2022	BC	Toad River	58.849906	-125.070401	2244	7:16	298007044	M	SY	Y	Y	3	Steph's iPhone	Steph	72	57	17.3	N	Worn tail	Steph: 2022_YRWA_records_AK_BC
