ID,species,sex,,how_sexed,location,lat,lon,,,ele,date,time,band,age,,how_aged,breeding,Throat_extent_yellow,Throat_saturation_yellow,Throat_white_corners,Auricular_extent,Auricular_saturation,SPOT,LINE,TAIL,Wing_patch,paper,buffer,fecal,chord,tail,tarsus,Bill_Culmen,Bill_Width,Bill_Depth,W1,W2,weight
CE06D01,AUWA,M,Male,Cloaca,Hope,49.23811,-121.38604,49:14:17,-121:23:10,429,5/7/23,19:39,278065811,ASY,After Second Year,,CP,95,100,0,10,20,5,0,,100,y,y,n,75,60.5,18.67,7.34,3.04,3.11,30,18,12
CE06D02,AUWA,M,Male,Cloaca,Hope,49.23811,-121.38604,49:14:17,-121:23:10,429,5/7/23,20:10:00,278065812,ASY,After Second Year,,CP,95,95,10,40,10,5,5,,100,y,y,n,77,58,18.37,7.33,3,3.18,30,18,12
CE07D01,AUWA,M,Male,Cloaca,Hope,49.23391,-121.38602,49:14:02,-121:23:10,433,5/8/23,6:10:00,278065813,ASY,After Second Year,,CP,98,100,5,10,10,0,0,F,100,n,y,y,76.5,61,20.07,7.55,3.4,3.23,38,26.5,11.5
CE07D02,AUWA,M,Male,Cloaca,Hope,49.23242,-121.38621,49:13:57,-121:23:10,424,5/8/23,,278065814,ASY,After Second Year,,CP,98,100,0,5,5,0,0,F,100,y,y,n,76,58.5,19.24,6.89,3.13,3.16,37.5,25.5,12
CE07D03,AUWA,F,Female,Body Plumage,Hope,49.23242,-121.38621,49:13:57,-121:23:10,424,5/8/23,,278065815,AHY,After Hatching Year,,N,70,70,0,0,0,5,0,F,NA,y,y,y,71.5,55,18.38,7.37,3.32,3.26,37.5,25.8,11.7
CE07D04,AUWA,F,Female,Body Plumage,Hope,49.23242,-121.38621,49:13:57,-121:23:10,424,5/8/23,,278065816,ASY,After Second Year,,N,70,60,0,0,0,0,5,F,NA,y?,y?,y,71,55.5,18.28,7.68,3,3.17,30,18,12
CE07D05,AUWA,F,,,Hope,49.23391,-121.38602,,,433,5/8/23,7:30:00,NA,AHY,,,N,30,30,0,0,0,5,5,E2,NA,y,y,n,70.5,57,19.79,7.08,3.19,2.98,36.8,25.6,11.2
CE07D06,AUWA,M,Male,Cloaca,Hope,49.23391,-121.38602,49:14:02,-121:23:10,433,5/8/23,,278065818,ASY,After Second Year,,CP,95,100,0,5,5,0,0,F,100,y,y,y,74.5,58,19.41,7.4,3.11,3.06,39.5,26,13.5
CE07D07,UYRW,M,Male,Cloaca,Hope,49.21899,-121.37486,49:13:08,-121:22:29,449,5/8/23,9:00,278065817,ASY,After Second Year,,CP,100,100,0,80,30,20,60,F,100,y,y,n,73,54,19.4,7.22,3.16,3.27,37.6,26.4,11.2
CE07D08,AUWA,M,Male,Cloaca,Hope,49.21899,-121.37486,49:13:08,-121:22:29,449,5/8/23,9:23:00,278065819,ASY,After Second Year,,CP,95,100,0,10,50,0,5,F,100,n,y,n,75,59.5,19.73,7.32,3.37,3.29,31,19,12
CE07D09,AUWA,M,Male,Cloaca,Hope,49.21361,-121.37314,49:12:49,-121:22:23,475,5/8/23,10:50:00,278065820,ASY,After Second Year,,CP,100,85,5,15,40,5,10,F,100,y,y,y,75,57.9,19.14,6.99,3.29,3.12,37.2,24.5,12.7
CE07D10,AUWA,F,Female,Body Plumage,Hope,49.21361,-121.37314,49:12:49,-121:22:23,475,5/8/23,11:10:00,278065821,AHY,After Hatching Year,,N,90,60,0,0,0,0,0,E,NA,y,n,y,70,55,17.81,7.13,3.05,3.1,36,25.4,10.6
CE08D01,AUWA,M,Male,Cloaca,Britton_Creek,49.63456,-120.9974,49:38:04,-120:59:51,1149,5/9/23,6:25:00,278065822,ASY,After Second Year,,CP,95,100,0,85,20,0,20,F,100,y,y,n,75,56,18.91,7.88,3.2,3.26,37.5,25.5,12
CE08D02,AUWA,M,Male,Body Plumage,Britton_Creek,49.63456,-120.9974,49:38:04,-120:59:51,1149,5/9/23,6:30:00,278065823,ASY,After Second Year,,N,95,100,60,20,40,0,5,F,50,n,y,y,74.5,56,18.89,7.24,3.03,3.35,37.4,26.3,11.1
CE08D03,AUWA,M,Male,Cloaca,Britton_Creek,49.62498,-120.99949,49:37:30,-120:59:58,1217,5/9/23,,278065824,SY,Second Year,,CP,90,80,50,10,50,5,20,E2,100,y,y,y,74,58.5,19.01,7.25,3.18,3.28,37.8,26.7,11.1
CE08D04,AUWA,M,Male,Cloaca,Britton_Creek,49.62346,-121.00074,49:37:24,-121:00:03,1206,5/9/23,8:30:00,278065825,SY,Second Year,,CP,95,100,0,10,5,5,0,F,100,y,y,y,72,54.5,18.1,7.68,3.22,3.28,37,26,11
CE08D05,AUWA,M,Male,Cloaca,Britton_Creek,49.61551,-121.00078,49:36:56,-121:00:03,1155,5/9/23,9:51:00,278065826,ASY,After Second Year,,CP,100,100,0,5,10,0,5,F,100,y,y,n,77,59,19.64,7.61,3.2,3.19,37.5,25.5,12
CE08D06,AUWA,M,Male,Body Plumage,Britton_Creek,49.61161,-121.00155,49:36:42,-121:00:06,1293,5/9/23,10:00:00,278065827,ASY,After Second Year,,N,100,95,5,40,10,0,5,F,NA,y,y,y,78,58,18.93,7.95,3.08,3.14,37.75,26,11.75
CE08D07,AUWA,M,Male,Cloaca,Britton_Creek,49.60137,-121.00062,49:36:05,-121:00:02,1326,5/9/23,11:45:00,278065828,ASY,After Second Year,,CP,95,100,50,20,40,0,10,F,100,y,y,n,75.5,57.5,19.15,8.17,3.34,3.2,37,25.75,11.25
CE08D08,AUWA,F,Female,Body Plumage,Britton_Creek,49.60137,-121.00062,49:36:05,-121:00:02,1326,5/9/23,11:50:00,278065829,AHY,After Hatching Year,,N,75,20,0,0,0,0,0,E,NA,n,n,n,70,53,18.8,7.19,3.15,3.09,37.8,27.7,10.1
CE08D09,AUWA,M,Male,Cloaca,Britton_Creek,49.64634,-120.9958,49:38:47,-120:59:45,1110,5/9/23,15:30:00,278065830,SY,Second Year,,CP,100,100,0,5,10,0,5,E,100,y,y,y,72,57.5,19.2,7.81,3.53,3.33,39,26.5,12.5
CE08D10,AUWA,M,Male,Cloaca,Britton_Creek,49.64634,-120.9958,49:38:47,-120:59:45,1110,5/9/23,15:40:00,278065831,ASY,After Second Year,,CP,95,100,0,50,10,0,15,F,100,y,y,n,75,57.5,18.34,7.17,3.08,3.3,37.5,25.5,12
CE08D11,AUWA,M,Male,Cloaca,Britton_Creek,49.64432,-120.99546,49:38:40,-120:59:44,1117,5/9/23,16:20:00,278065832,ASY,After Second Year,,CP,95,100,10,90,30,2,10,F,100,y,y,y,77.5,60,19.4,7.61,3.14,3.15,38,25.5,12.5
CE09D01,AUWA,M,Male,Cloaca,Comstock,50.01803,-120.81934,50:01:05,-120:49:10,1010,5/10/23,5:55:00,278065833,ASY,After Second Year,,CP,95,100,10,140,30,0,10,F,100,y,y,n,78,58,19.89,8.04,3.36,3.45,36.5,25.7,10.8
CE09D02,AUWA,F,Female,Body Plumage,Comstock,50.01803,-120.81934,50:01:05,-120:49:10,1010,5/10/23,6:10:00,278065834,ASY,After Second Year,,N,80,50,0,0,0,5,10,C,na,y,y,n,72,57,19.96,7.47,3.32,3.02,38.3,26.5,11.8
CE09D03,AUWA,M,Male,Cloaca,Comstock,50.01305,-120.81639,50:00:47,-120:48:59,1009,5/10/23,6:40:00,278065835,ASY,After Second Year,,CP,95,100,10,80,15,5,30,F,100,y,y,n,76.5,58,18.35,7,3.2,3.07,37,26,11
CE09D04,AUWA,F,Female,Body Plumage,Comstock,50.01305,-120.81639,50:00:47,-120:48:59,1009,5/10/23,7:00:00,278065836,ASY,After Second Year,,N,50,20,25,5,5,2,2,F,NA,y,n,n,68,51,17.43,7.09,3.52,3.05,37,26.5,10.5
CE09D05,AUWA,M,Male,Cloaca,Comstock,50.02144,-120.81065,50:01:17,-120:48:38,1074,5/10/23,8:00:00,278065837,ASY,After Second Year,,CP,85,65,10,70,40,5,5,F,100,y,y,n,78,60,19.1,7.5,3.1,3.1,36.8,25.6,11.2
CE09D06,AUWA,M,Male,Cloaca,Comstock,50.02144,-120.81065,50:01:17,-120:48:38,1074,5/10/23,8:30:00,278065838,ASY,After Second Year,,CP,100,90,0,20,50,0,5,F,100,y,y,n,77.5,59.5,18.86,7.68,3.18,3.26,37.8,26,11.8
CE09D07,AUWA,M,Male,Body Plumage,Comstock,50.02009,-120.80657,50:01:12,-120:48:24,1111,5/10/23,9:20:00,278065839,ASY,After Second Year,,N,90,95,5,40,5,0,2,F,100,y,y,y,75,60,19.04,7.24,3.32,3.13,37.5,26,11.5
CE09D08,AUWA,F,Female,Body Plumage,Comstock,50.02009,-120.80657,50:01:12,-120:48:24,1111,5/10/23,9:25:00,278065841,SY,Second Year,,N,60,60,0,0,0,NA,10,E,NA,y,n,y,70,56,18.69,7.34,3.24,3.34,37.9,26,11.9
CE09D09,AUWA,M,Male,Cloaca,Comstock,50.0193,-120.80381,50:01:09,-120:48:14,1108,5/10/23,9:35:00,278065840,ASY,After Second Year,,CP,95,95,0,60,20,10,10,F,100,n,y,y,76,59,19.05,7.62,3.45,3.24,37.4,25.7,11.7
CE09D10,AUWA,M,Male,Cloaca,Comstock,50.01905,-120.79722,50:01:09,-120:47:50,1148,5/10/23,10:30:00,278065842,AHY,After Hatching Year,,CP,95,100,0,40,20,0,10,F,100,y,y,n,77.5,61,18.95,7.81,3.34,3.22,37.7,25.5,12.2
CE09D11,AUWA,M,Male,Cloaca,Comstock,50.01662,-120.79118,50:01:00,-120:47:28,1167,5/10/23,11:15:00,278065843,ASY,After Second Year,,CP,90,95,0,20,5,0,5,F,100,y,y,n,75,55.5,18.72,6.99,3.12,3.25,38.5,26,12.5
CE09D12,AUWA,M,Male,Cloaca,Comstock,50.01748,-120.81959,50:01:03,-120:49:11,1001,5/10/23,13:15:00,278065844,ASY,After Second Year,,CP,100,100,0,20,30,10,10,F,10,y,y,n,76,59,18.66,7.78,3.21,3.28,37.5,26,11.5
CE10D01,AUWA,M,Male,Cloaca,Lac_LeJeune,50.51825,-120.51602,50:31:06,-120:30:58,1410,5/11/23,5:30:00,278065845,ASY,After Second Year,,CP,95,100,0,80,20,0,0,F,100,y,y,n,76,58.5,17.5,6.88,2.96,3.19,35.9,25.3,10.6
CE10D02,AUWA,F,Female,Body Plumage,Lac_LeJeune,50.51825,-120.51602,50:31:06,-120:30:58,1410,5/11/23,5:40:00,278065846,ASY,After Second Year,,N,50,50,0,0,0,0,0,E,NA,y,y,n,69,52,19.35,7.68,3.29,3.27,36.8,25.8,11
CE10D03,AUWA,M,Male,Cloaca,Lac_LeJeune,50.51825,-120.51602,50:31:06,-120:30:58,1410,5/11/23,6:00:00,278065847,AHY,After Hatching Year,,CP,98,100,0,25,25,0,2,E2,100,y,y,n,75,56,18.78,7.24,3.15,3.09,37.5,25.5,12
CE10D04,AUWA,F,Female,Body Plumage,Lac_LeJeune,50.51774,-120.51159,50:31:04,-120:30:42,1395,5/11/23,6:40:00,278065848,AHY,After Hatching Year,,N,75,70,5,0,0,0,0,E,NA,y,n,n,71.5,54.5,18.68,6.81,3.19,3.21,38,26.5,11.5
CE10D05,AUWA,M,Male,Cloaca,Lac_LeJeune,50.51774,-120.51159,50:31:04,-120:30:42,1395,5/11/23,7:00:00,278065849,ASY,After Second Year,,CP,100,100,0,15,30,30,15,E2,100,y,y,n,76,57,18.84,7.11,3.32,3.18,37.5,25.5,12
CE10D06,AUWA,F,Female,Body Plumage,Lac_LeJeune,50.51899,-120.51109,50:31:08,-120:30:40,1398,5/11/23,7:00:00,278065850,ASY,After Second Year,,N,80,80,0,0,0,0,5,F,NA,y,n,y,70,55,18.85,7.05,3.28,3,36.2,25.5,10.7
CE10D07,AUWA,F,Female,Body Plumage,Lac_LeJeune,50.51774,-120.51159,50:31:04,-120:30:42,1395,5/11/23,7:00:00,278065851,AHY,After Hatching Year,,N,70,50,0,0,0,0,5,E2,NA,y,n,n,71,56,18.57,7.21,3.11,3.02,38,26.5,11.5
CE10D08,AUWA,M,Male,Cloaca,Lac_LeJeune,50.51899,-120.51109,50:31:08,-120:30:40,1398,5/11/23,7:23:00,278065852,ASY,After Second Year,,CP,95,100,10,20,40,0,0,F,100,y,y,n,75.5,57,19.28,7.64,3.28,3.02,36.7,25.5,11.2
CE10D09,AUWA,M,Male,Body Plumage,Lac_LeJeune,50.51774,-120.51159,50:31:04,-120:30:42,1395,5/11/23,7:36:00,278065853,ASY,After Second Year,,N,95,90,5,20,10,0,15,E2,100,y,y,y,74.5,55,18.06,7.08,3.01,2.97,37.5,26.6,10.9
CE10D10,AUWA,M,Male,Cloaca,Lac_LeJeune,50.51706,-120.49276,50:31:01,-120:29:34,1391,5/11/23,8:28:00,278065854,SY,Second Year,,CP,80,90,10,40,40,20,10,E2,100,y,y,n,76,59.5,18.94,7.26,3.25,3.15,37.8,26.3,11.5
CE10D11,AUWA,M,Male,Cloaca,Lac_LeJeune,50.51821,-120.49354,50:31:06,-120:29:37,1383,5/11/23,8:40:00,278065855,ASY,After Second Year,,CP,90,100,5,20,20,0,2,F,100,y,y,n,75,58,18.57,7.42,3.39,3.33,36.5,25.7,10.8
CE10D12,AUWA,F,Female,Body Plumage,Lac_LeJeune,50.51821,-120.49354,50:31:06,-120:29:37,1383,5/11/23,8:56:00,278065856,ASY,After Second Year,,N,70,60,0,0,0,0,0,E,NA,y,n,y,67,53,19.42,7.43,3.37,3.04,37.5,26.5,11
CE10D13,AUWA,F,Female,Body Plumage,Lac_LeJeune,50.51706,-120.49276,50:31:01,-120:29:34,1391,5/11/23,9:05:00,278065857,ASY,After Second Year,,N,80,70,0,0,0,0,0,E2,NA,y,n,y,72,56,18.78,7.21,3.15,2.95,37.7,25.7,12
CE10D14,AUWA,M,Male,Cloaca,Lac_LeJeune,50.52593,-120.46338,50:31:33,-120:27:48,1335,5/11/23,10:40:00,278065858,SY,Second Year,,CP,95,100,5,25,25,0,5,E,100,y,y,n,70,53,18.31,7.21,3.31,3.04,36,25.5,10.5
CE10D15,AUWA,M,Male,Cloaca,Lac_LeJeune,50.52593,-120.46338,50:31:33,-120:27:48,1335,5/11/23,10:50:00,278065859,SY,Second Year,,CP,90,80,15,10,40,0,0,F,100,y,y,n,75,57,19,7.37,3.08,2.97,37,26.2,10.8
CE11D01,AUWA,F,Female,Body Plumage,Lac_LeJeune,50.87825,-120.40653,50:52:42,-120:24:23,1212,5/12/23,5:46:00,278065860,SY,Second Year,,N,90,70,0,0,0,0,0,E2,NA,y,n,n,70,54.5,17.55,7.3,3.14,2.78,36.6,25.5,11.1
CE11D02,AUWA,M,Male,Body Plumage,Oconnor_Lake,50.87825,-120.40653,50:52:42,-120:24:23,1212,5/12/23,5:50:00,278065861,AHY,After Hatching Year,,N,90,90,10,15,20,0,0,E2,100,y,y,n,76,58,19.94,7.49,3.3,3.16,36.5,25,11.5
CE11D03,AUWA,M,Male,Cloaca,Oconnor_Lake,50.88796,-120.4097,50:53:17,-120:24:35,1257,5/12/23,6:54:00,278065862,ASY,After Second Year,,CP,90,90,5,20,20,0,0,F,100,y,y,y,76,59,18.55,7.18,3.12,3.1,18.7,7.25,11.45
CE11D04,AUWA,M,Male,Cloaca,Oconnor_Lake,50.88768,-120.41003,50:53:16,-120:24:36,1251,5/12/23,7:09:00,278065863,ASY,After Second Year,,CP,95,95,0,15,30,5,5,F,100,y,y,n,79,59.5,18.54,7.37,3.17,3.39,38,26,12
CE11D05,AUWA,F,Female,Body Plumage,Oconnor_Lake,50.88796,-120.4097,50:53:17,-120:24:35,1257,5/12/23,7:15:00,278065864,ASY,After Second Year,,N,75,50,0,0,0,0,10,F,NA,y,n,n,69.5,52,18.27,7.13,3.26,3.27,37,26.1,10.9
CE11D06,AUWA,M,Male,Cloaca,Oconnor_Lake,50.89467,-120.39916,50:53:41,-120:23:57,1231,5/12/23,8:16:00,278065865,ASY,After Second Year,,CP,95,90,0,20,30,2,10,F,100,y,y,n,75.5,59,18.65,7.57,2.19,3.15,37,25.2,11.8
CE11D07,AUWA,M,Male,Cloaca,Oconnor_Lake,50.89446,-120.4021,50:53:40,-120:24:08,1235,5/12/23,8:13:00,278065866,ASY,After Second Year,,CP,95,90,10,20,60,5,5,F,50,y,y,n,77,61.5,19.47,7.68,3.29,3.12,37.5,26,11.5
CE11D08,AUWA,F,Female,Brood Patch,Oconnor_Lake,50.89467,-120.39916,50:53:41,-120:23:57,1231,5/12/23,8:34:00,278065867,ASY,After Second Year,,BP,80,45,5,10,5,0,0,F,NA,y,n,n,72,56,18.99,7.11,3.29,3.13,37.3,26,11.3
CE11D09,CHSP,M,Male,Cloaca,Oconnor_Lake,50.89466,-120.39916,50:53:41,-120:23:57,1231,5/12/23,8:45:00,278065868,SY,Second Year,,CP,NA,,,,,,,,,,,n,69,61,,,,,30.9,18.5,12.4
CE11D10,AUWA,M,Male,Cloaca,Oconnor_Lake,50.8948,-120.39569,50:53:41,-120:23:44,1226,5/12/23,9:40:00,278065869,ASY,After Second Year,,CP,98,100,10,30,40,20,10,F,100,y,y,n,74.5,58.5,18,7.42,3.05,3.36,37.6,25.4,12.2
CE11D11,AUWA,M,Male,Cloaca,Oconnor_Lake,50.8948,-120.39569,50:53:41,-120:23:44,1226,5/12/23,9:40:00,278065870,AHY,After Hatching Year,,CP,95,100,5,80,10,0,0,E2,100,y,y,y,72,55,17.28,6.88,3.26,3.23,37.5,26.5,11
CE11D12,AUWA,F,Female,Body Plumage,Oconnor_Lake,50.89538,-120.39183,50:53:43,-120:23:31,1207,5/12/23,10:45:00,278065872,AHY,After Hatching Year,,N,90,50,0,0,0,20,20,E2,NA,y,n,n,72.5,56,18.24,7.5,3.06,3.16,37.6,26.4,11.2
CE11D13,AUWA,M,Male,Cloaca,Oconnor_Lake,50.89538,-120.39183,50:53:43,-120:23:31,1207,5/12/23,10:56:00,278065873,ASY,After Second Year,,CP,95,75,10,80,40,0,20,E2,100,y,y,n,75.5,58,18.98,7.32,3.34,3.03,,,
CE11D14,AUWA,M,Male,Cloaca,Oconnor_Lake,50.89336,-120.38155,50:53:36,-120:22:54,1163,5/12/23,11:45:00,278065874,ASY,After Second Year,,CP,95,100,10,40,35,2,2,F,100,y,y,n,77.5,58,20.65,6.84,3.07,3.27,37.5,25.6,11.9
CE11D15,AUWA,M,Male,Cloaca,Oconnor_Lake,50.89336,-120.38155,50:53:36,-120:22:54,1163,5/12/23,,278065871,ASY,After Second Year,,CP,95,100,10,20,80,0,10,F,100,y,y,n,74,57,18.62,6.93,2.95,3.11,36.3,25.2,11.1
CE12D01,MYWA,M,Male,Cloaca,Hinton,53.43713,-117.77465,53:26:14,-117:46:29,1284,5/13/23,,278065875,ASY,After Second Year,,CP,0,0,100,100,90,80,80,E,0,y,y,n,74,59.5,18.15,7.18,3.23,3.12,38.3,26.1,12.2
CE12D02,MYWA,M,Male,Cloaca,Hinton,53.43833,-117.77647,53:26:18,-117:46:35,1275,5/13/23,6:31:00,278065876,ASY,After Second Year,,CP,0,0,100,100,90,100,100,,0,y,y,n,77,62,18.16,7.25,3.13,3.04,37.5,26.1,11.4
CE12D03,MYWA,M,Male,Cloaca,Hinton,53.42971,-117.75873,53:25:47,-117:45:31,1331,5/13/23,7:30:00,278065877,ASY,After Second Year,,CP,40,10,100,100,95,100,100,E2,50,y,y,n,73,55.5,18.38,6.35,2.56,3.28,37.1,25.4,11.7
CE12D04,MYWA,M,Male,Cloaca,Hinton,53.43067,-117.76005,53:25:50,-117:45:36,1341,5/13/23,8:00:00,278065878,ASY,After Second Year,,CP,15,2,100,90,70,100,70,E2,0,y,y,n,74,59,18.87,7.25,3.28,3.2,39,27,12
CE12D05,MYWA,M,Male,Cloaca,Hinton,53.43067,-117.76005,53:25:50,-117:45:36,1341,5/13/23,8:00:00,278065879,SY,Second Year,,CP,0,0,100,90,85,70,70,E,0,y,y,n,74,58,18.44,7.46,3.08,2.96,37.5,25.6,11.9
CE12D06,MYWA,M,Male,Body Plumage,Hinton,53.42971,-117.75873,53:25:47,-117:45:31,1331,5/13/23,8:00:00,278065880,ASY,After Second Year,,N,0,0,100,100,100,90,90,D,0,y,y,n,72,56,17.89,7.14,2.87,3.01,37,25,12
CE12D07,MYWA,M,Male,Cloaca,Hinton,53.42971,-117.75873,53:25:47,-117:45:31,1331,5/13/23,8:20:00,278065881,SY,Second Year,,CP,10,2,100,100,80,70,40,C,0,y,y,n,70,56,18.8,7.32,3.06,3.03,37,25.5,11.5
CE12D08,MYWA,M,Male,Cloaca,Hinton,53.42757,-117.75374,53:25:39,-117:45:13,1350,5/13/23,8:58:00,278065882,SY,Second Year,,CP,40,5,80,100,90,90,80,E,50,y,y,n,73,55.5,19.49,7.3,3.25,3.16,37.6,25.4,12.2
CE12D09,MYWA,M,Male,Cloaca,Hinton,53.42757,-117.75374,53:25:39,-117:45:13,1350,5/13/23,9:17:00,278065883,ASY,After Second Year,,CP,10,5,100,100,75,5,20,E2,50,y,y,n,74.5,56,19.37,7.15,3.07,3.07,38,25.5,12.5
CE12D10,MYWA,F,Female,Body Plumage,Hinton,53.42757,-117.75374,53:25:39,-117:45:13,1350,5/13/23,9:27:00,278065884,ASY,After Second Year,,N,0,0,100,0,0,50,30,E,NA,y,y,y,69.5,55,18.26,7.31,3.15,3.13,37.5,25.6,11.9
CE12D11,MYWA,M,Male,Cloaca,Hinton,53.42915,-117.74891,53:25:45,-117:44:56,1348,5/13/23,10:20:00,278065885,ASY,After Second Year,,CP,40,5,100,100,100,50,70,D,0,y,y,n,72,56,17.57,6.97,3.24,3.18,37,25.3,11.7
CE13D01,AUWA,M,Male,Cloaca,Blue_River,52.02331,-119.33789,52:01:24,-119:20:16,686,5/14/23,5:51:00,278065886,ASY,After Second Year,,CP,95,90,20,50,20,0,0,F,100,y,y,n,76,59,19.34,7.13,3.1,3.05,37.2,25.3,11.9
CE13D02,AUWA,M,Male,Cloaca,Blue_River,52.02427,-119.33804,52:01:27,-119:20:17,689,5/14/23,5:50:00,278065887,ASY,After Second Year,,CP,85,85,10,5,20,0,5,E2,100,y,y,n,77.5,58.5,19.01,7.83,3.1,3.16,38.5,26,12.5
CE13D03,AUWA,F,Female,Body Plumage,Blue_River,52.02331,-119.33789,52:01:24,-119:20:16,686,5/14/23,6:06:00,278065888,ASY,After Second Year,,N,75,50,15,20,15,0,0,E2,NA,y,n,n,73,56.5,18.58,7.62,3.34,3.19,37.5,25.5,12
CE13D04,AUWA,F,Female,Body Plumage,Blue_River,52.02752,-119.33673,52:01:39,-119:20:12,699,5/14/23,6:54:00,278065889,SY,Second Year,,N,40,10,0,0,0,10,10,F,NA,y,n,n,70,55.5,18.52,7.32,3.11,3.14,37.7,26,11.7
CE13D05,AUWA,M,Male,Body Plumage,Blue_River,52.02752,-119.33673,52:01:39,-119:20:12,699,5/14/23,7:03:00,278065890,SY,Second Year,,N,80,95,20,5,20,2,15,E,100,y,y,n,73,57.5,18.83,8.02,3.36,3.21,37,25.2,11.8
CE13D06,AUWA,F,Female,Body Plumage,Blue_River,52.03693,-119.32798,52:02:13,-119:19:41,671,5/14/23,7:56:00,278065891,SY,Second Year,,N,70,80,5,0,0,0,10,E2,NA,y,n,n,69,55,18.84,7.93,3.32,3.09,37.1,25.6,11.5
CE13D07,AUWA,M,Male,Cloaca,Blue_River,52.03693,-119.32798,52:02:13,-119:19:41,671,5/14/23,8:12:00,278065892,SY,Second Year,,CP,75,80,5,5,20,2,2,E,100,y,y,y,73.5,59,19.07,8.2,3.29,3.02,37.2,25.2,12
CE13D08,AUWA,M,Male,Cloaca,Blue_River,52.04489,-119.32153,52:02:42,-119:19:18,683,5/14/23,9:01:00,278065893,AHY,After Hatching Year,,CP,90,90,5,5,5,0,5,E,100,y,y,y,73,58,18.29,7.25,3.29,3.04,36.1,25.1,11
CE13D09,AUWA,M,Male,Cloaca,Blue_River,52.04704,-119.32157,52:02:49,-119:19:18,688,5/14/23,9:05:00,278065894,SY,Second Year,,CP,90,100,0,80,25,0,0,E2,100,y,y,n,75.5,58,18.94,8.14,3.14,3,38,25.8,12.2
CE13D10,AUWA,F,Female,Body Plumage,Blue_River,52.04704,-119.32157,52:02:49,-119:19:18,688,5/14/23,9:12:00,278065895,AHY,After Hatching Year,,N,80,55,5,20,10,0,2,E2,NA,y,n,n,73.5,55,18.93,7.02,2.89,3.1,37.3,25.8,11.5
CE13D11,AUWA,F,Female,Body Plumage,Blue_River,52.04489,-119.32153,52:02:42,-119:19:18,683,5/14/23,9:20:00,278065896,ASY,After Second Year,,N,60,10,30,0,0,30,30,E2,NA,y,n,n,71,56,18.99,7.11,3.34,3.09,36.7,25.4,11.3
CE13D12,AUWA,M,Male,Cloaca,Blue_River,51.99958,-119.34531,51:59:58,-119:20:43,918,5/14/23,10:15:00,278065897,ASY,After Second Year,,CP,95,90,10,30,20,5,10,F,100,y,y,y,78,60,18.21,6.99,3.04,3.11,36,25,11
CE13D13,AUWA,M,Male,Cloaca,Blue_River,51.99462,-119.34741,51:59:41,-119:20:51,953,5/14/23,14:00:00,278065898,AHY,After Hatching Year,,CP,90,80,5,30,50,0,2,F,50,y,y,y,75,58,19.05,7.89,3.22,3.32,38,25,13
CE13D14,AUWA,M,Male,Cloaca,Blue_River,51.99454,-119.35191,51:59:40,-119:21:07,982,5/14/23,16:00:00,278065899,ASY,After Second Year,,CP,100,100,2,15,20,0,0,F,50,y,y,y,75,58.5,17.94,7.33,3.15,3.42,,,
CE13D15,AUWA,M,Male,Body Plumage,Blue_River,51.99454,-119.35191,51:59:40,-119:21:07,982,5/14/23,16:30:00,278065900,SY,Second Year,,N,100,80,15,25,30,0,5,,100,y,y,y,75,57.5,18.58,7.22,3.39,3.2,38,25,13
CE13D16,UYRW,F,Female,Body Plumage,Blue_River,51.99454,-119.35191,51:59:40,-119:21:07,982,5/14/23,16:30:00,279000701,SY,Second Year,,N,60,30,0,0,0,100,100,,NA,y,n,y,69,52,17.89,7.05,3.49,3.4,38,26,12
CE15D01,AUWA,M,Male,Cloaca,Clearwater,51.61674,-120.05104,51:37:00,-120:03:04,991,5/16/23,6:00:00,279000702,SY,Second Year,,CP,90,90,5,5,20,2,5,E2,100,y,y,y,73,51.5,18.42,7.6,3.37,3.2,37.5,27,10.5
CE15D02,AUWA,M,Male,Cloaca,Clearwater,51.62006,-120.05702,51:37:12,-120:03:25,853,5/16/23,8:00:00,279000703,SY,Second Year,,CP,100,100,30,10,30,0,5,E2,50,y,y,y,72.5,53,18.73,7.81,3.37,3.33,39,27,12
CE15D03,AUWA,M,Male,Cloaca,Clearwater,51.62006,-120.05702,51:37:12,-120:03:25,853,5/16/23,8:15:00,279000704,AHY,After Hatching Year,,CP,80,95,2,0,0,0,1,,100,y,y,y,73.5,56,18.48,7.44,3.48,3.27,38,26,12
CE15D04,AUWA,M,Male,Cloaca,Clearwater,51.62006,-120.05702,51:37:12,-120:03:25,853,5/16/23,8:20:00,279000705,ASY,After Second Year,,CP,100,90,5,20,30,0,5,E2,100,y,y,y,76,55.5,19.41,7.71,3.44,3.19,36.5,25.5,11
CE15D05,AUWA,M,Male,Cloaca,Clearwater,51.62972,-120.05997,51:37:47,-120:03:36,599,5/16/23,11:50:00,279000706,ASY,After Second Year,,CP,100,90,0,5,15,0,0,F,100,y,y,n,76.5,56,18.62,7.91,3.4,3.33,38,26.5,11.5
CE16D01,AUWA,M,Male,Cloaca,Clearwater,51.62919,-120.06633,51:37:45,-120:03:59,541,5/17/23,8:00:00,279000707,AHY,After Hatching Year,,CP,95,95,25,10,10,20,30,E2,100,y,y,y,72,54,18.83,7.18,3.13,3.02,38.5,26.5,12
CE16D02,AUWA,F,Female,Brood Patch,Clearwater,51.62919,-120.06633,51:37:45,-120:03:59,541,5/17/23,8:00:00,279000708,SY,Second Year,,BP,60,20,0,0,0,0,0,E,NA,y,n,n,69,52.5,18.3,6.98,3.49,3.24,38,25,13
CE16D03,AUWA,F,Female,Body Plumage,Clearwater,51.62838,-120.06933,51:37:42,-120:04:10,546,5/17/23,9:30:00,279000709,SY,Second Year,,N,40,40,0,0,0,0,0,E2,NA,n,n,y,68,54,17.28,7.19,3.68,3.22,38,26,12
CE16D04,AUWA,M,Male,Cloaca,Clearwater,51.62446,-120.07267,51:37:28,-120:04:22,542,5/17/23,11:00:00,279000710,SY,Second Year,,CP,95,95,0,5,10,0,2,E2,50,y,y,y,73,56.5,18.37,7.74,3.29,3.22,40,27,13
CE16D05,AUWA,F,Female,Brood Patch,Clearwater,51.62446,-120.07267,51:37:28,-120:04:22,542,5/17/23,11:30:00,279000711,SY,Second Year,,BP,60,70,0,0,0,0,0,E,NA,y,n,n,70,55.5,17.67,7.18,3.34,3.19,40.5,26,14.5
CE16D06,AUWA,M,Male,Cloaca,Clearwater,51.62381,-120.07155,51:37:26,-120:04:18,535,5/17/23,14:00:00,279000712,ASY,After Second Year,,CP,95,95,5,20,15,NA,5,E2,100,y,y,y,78.5,60,18.85,7.58,3.1,3.36,40,27,13
CE20D01,AUWA,F,Female,Brood Patch,Red_Pass_Junction,53.00577,-119.58402,53:00:21,-119:35:02,907,5/21/23,7:30:00,279000713,AHY,After Hatching Year,,BP,30,15,5,0,0,10,2,,NA,n,n,n,69.5,52,18.04,7.03,3.14,2.95,39,26,13
CE20D02,UYRW,M,Male,Cloaca,Red_Pass_Junction,53.00577,-119.58402,53:00:21,-119:35:02,907,5/21/23,7:40:00,279000714,ASY,After Second Year,,CP,75,75,20,40,20,0,0,F,50,y,y,n,74,52.5,18.17,7.13,3.19,3.11,37,26,11
CE20D03,AUWA,M,Male,Cloaca,Red_Pass_Junction,53.00577,-119.58402,53:00:21,-119:35:02,907,5/21/23,7:40:00,279000715,ASY,After Second Year,,CP,100,100,5,90,50,10,5,F,,y,y,n,74,54,18.21,7.25,3.29,3.03,37,26,11
CE20D04,AUWA,M,Male,Cloaca,Red_Pass_Junction,53.01038,-119.59389,53:00:37,-119:35:38,829,5/21/23,8:00:00,279000716,ASY,After Second Year,,CP,80,90,5,30,10,2,2,E2,50,y,y,n,75.5,59,17.92,7.42,3.18,3.09,37.5,25.5,12
CE20D05,AUWA,F,Female,Body Plumage,Red_Pass_Junction,53.01038,-119.59389,53:00:37,-119:35:38,829,5/21/23,8:30:00,279000717,SY,Second Year,,N,30,10,NA,0,0,20,40,,NA,y,n,n,70.5,55.5,17.95,6.55,2.89,3.08,,,
CE22D01,UYRW,M,Male,Cloaca,Red_Pass_Junction,53.00393,-119.58487,53:00:14,-119:35:06,895,5/23/23,5:30:00,279000718,ASY,After Second Year,,CP,70,50,20,10,10,50,50,F,50,y,y,n,77,57.5,19.24,7.16,3.44,3.04,38.5,26.5,12
CE22D02,UYRW,M,Male,Cloaca,Red_Pass_Junction,53.00625,-119.58769,53:00:22,-119:35:16,848,5/23/23,6:40:00,279000719,AHY,After Hatching Year,,CP,70,75,60,60,60,100,40,E2,0,y,y,n,73.5,55,18.97,7.15,3.21,3.24,37.5,25.5,12
CE22D03,UYRW,M,Male,Cloaca,Red_Pass_Junction,53.00625,-119.58769,53:00:22,-119:35:16,848,5/23/23,6:55:00,279000720,ASY,After Second Year,,CP,75,90,50,30,60,0,0,E,50,y,y,y,77,59.5,18.9,7.62,3.34,3.31,38.5,26.5,12
CE22D04,AUWA,F,Female,Brood Patch,Red_Pass_Junction,53.00625,-119.58769,53:00:22,-119:35:16,848,5/23/23,7:00:00,279000721,AHY,After Hatching Year,,BP,40,20,0,0,0,0,0,E,NA,y,n,y,70.5,55.5,18.21,7.17,3.29,3.04,,,
CE22D05,AUWA,M,Male,Cloaca,Red_Pass_Junction,53.00954,-119.59293,53:00:34,-119:35:35,815,5/23/23,8:00:00,279000722,ASY,After Second Year,,CP,95,100,5,70,15,0,0,E2,100,y,y,y,75,58.5,18.85,7.85,3.48,3.13,39,25.5,13.5
CE22D06,UYRW,M,Male,Cloaca,Red_Pass_Junction,53.01227,-119.5935,53:00:44,-119:35:37,793,5/23/23,9:00:00,279000723,SY,Second Year,,CP,70,50,50,20,15,5,10,,50,y,y,n,73,55,18.91,7.46,3.29,3.21,37.5,25.5,12
CE22D07,AUWA,F,Female,Brood Patch,Red_Pass_Junction,53.01266,-119.59663,53:00:46,-119:35:48,778,5/23/23,16:00:00,279000724,SY,Second Year,,BP,20,20,0,0,0,0,0,E2,NA,y,n,n,71,55.5,18.8,7.12,3.23,3.02,39,26.5,12.5
CE22D08,AUWA,M,Male,Cloaca,Red_Pass_Junction,53.0129,-119.59757,53:00:46,-119:35:51,792,5/24/23,17:00:00,279000725,AHY,After Hatching Year,,CP,95,100,5,70,20,2,2,E,100,y,y,n,78,58,19.21,7.74,3.2,3.18,38.5,25.5,13
CE26D01,MYWA,M,Male,Cloaca,Yellowhead_Pass,52.8861,-118.3912,52:53:10,-118:23:28,1123,5/27/23,6:15:00,279000726,ASY,After Second Year,,CP,30,15,80,100,90,80,80,E,0,y,y,n,72,,19.23,7.33,3.33,3.18,38,25.5,12.5
CE26D02,MYWA,F,Female,Body Plumage,Yellowhead_Pass,52.8861,-118.3912,52:53:10,-118:23:28,1123,5/27/23,6:30:00,279000727,SY,Second Year,,N,0,0,100,0,0,40,20,C,NA,y,n,y,68,54,17.61,6.83,3.35,3.05,38.5,26,12.5
CE26D03,MYWA,M,Male,Cloaca,Yellowhead_Pass,52.88604,-118.39308,52:53:10,-118:23:35,1133,5/27/23,6:40:00,279000728,ASY,After Second Year,,CP,0,0,100,80,70,80,80,D,,y,y,y,73,58,18.55,6.58,3.21,3,38,26.5,11.5
CE26D04,UYRW,M,Male,Cloaca,Yellowhead_Pass,52.88604,-118.39308,52:53:10,-118:23:35,1133,5/27/23,7:00:00,279000729,ASY,After Second Year,,CP,80,30,60,100,50,0,0,E2,100,y,y,n,73.5,60,18.56,7.1,3.38,3.2,36.5,25.5,11
CE26D05,AUWA,M,Male,Body Plumage,Yellowhead_Pass,52.88604,-118.39308,52:53:10,-118:23:35,1133,5/27/23,7:00:00,279000730,SY,Second Year,,N,80,70,0,0,0,0,0,E,NA,y,y,n,71,61,18.98,7.1,3.45,3.1,38,25.5,12.5
CE27D01,MYWA,M,Male,Cloaca,Yellowhead_Pass,52.88386,-118.38996,52:53:02,-118:23:24,1086,5/28/23,6:00:00,279000731,ASY,After Second Year,,CP,10,5,100,0,90,70,100,E,50,n,y,n,77,58,18.61,7.53,3.33,3.16,37.5,25.5,12
CE27D02,UYRW,F,Female,Body Plumage,Yellowhead_Pass,52.88386,-118.38996,52:53:02,-118:23:24,1086,5/28/23,6:15:00,279000732,SY,Second Year,,N,30,10,70,0,10,90,0,E,NA,y,n,y,76,58.5,19.99,7.42,3.36,3.32,38,26.5,11.5
CE27D03,UYRW,M,Male,Cloaca,Yellowhead_Pass,52.88386,-118.38996,52:53:02,-118:23:24,1086,5/28/23,6:15:00,279000733,ASY,After Second Year,,CP,85,75,100,70,50,30,50,D,50,y,y,n,74,58,18.53,7.13,3.31,3.17,37,25.5,11.5
CE27D04,UYRW,F,Female,Body Plumage,Yellowhead_Pass,52.88386,-118.38996,52:53:02,-118:23:24,1086,5/28/23,6:45:00,279000734,SY,Second Year,,N,10,5,100,0,0,5,5,D,NA,y,n,n,70,55,18.73,7.08,3.84,3.26,36.5,25.5,11
CE27D05,AUWA,M,Male,Cloaca,Yellowhead_Pass,52.87591,-118.31767,52:52:33,-118:19:04,1117,5/28/23,8:00:00,279000735,SY,Second Year,,CP,85,75,50,70,30,2,5,E,50,y,y,n,71,55,18.77,7.87,3.15,3.05,37.5,25.5,12
CE27D06,MYWA,M,Male,Cloaca,Yellowhead_Pass,52.87591,-118.31767,52:52:33,-118:19:04,1117,5/28/23,8:30:00,279000736,ASY,After Second Year,,CP,2,5,100,100,45,90,80,E2,,y,y,n,72,55.5,18.55,7.22,3.84,3.04,37,25.5,11.5
CE27D07,MYWA,M,Male,Cloaca,Yellowhead_Pass,52.87591,-118.31767,52:52:33,-118:19:04,1117,5/28/23,9:00:00,279000737,ASY,After Second Year,,CP,2,5,100,80,70,80,40,E2,50,y,y,n,76,59,19.11,7.37,3.38,3.21,30.5,18.5,12
CE27D08,MYWA,F,Female,Brood Patch,Yellowhead_Pass,52.87591,-118.31767,52:52:33,-118:19:04,1117,5/28/23,9:00:00,279000738,SY,Second Year,,BP,0,0,100,0,0,10,20,D,NA,y,n,n,69.5,54.5,19.38,7.44,3.74,3.28,31.5,18,13.5
CE28D01,MYWA,M,Male,Cloaca,Pyramid_Lake,52.92502,-118.0936,52:55:30,-118:05:37,1188,5/29/23,6:00:00,279000739,ASY,After Second Year,,CP,0,0,100,100,90,100,90,D,0,y,y,n,74,55.5,19.19,7.41,3.4,3.22,37.5,25,12.5
CE28D02,MYWA,F,Female,Body Plumage,Pyramid_Lake,52.92502,-118.0936,52:55:30,-118:05:37,1188,5/29/23,6:20:00,279000740,ASY,After Second Year,,N,0,0,70,0,0,100,100,E,NA,y,n,n,69.5,52,18.58,6.94,3.18,3.06,,,
CE28D03,MYWA,M,Male,Body Plumage,Pyramid_Lake,52.92502,-118.0936,52:55:30,-118:05:37,1188,5/29/23,6:20:00,279000741,SY,Second Year,,N,0,0,100,100,100,0,50,E,0,y,y,y,71.5,55,19.99,7.84,3.41,3.2,37.5,25.5,12
CE28D04,MYWA,M,Male,Cloaca,Pyramid_Lake,52.92375,-118.09464,52:55:26,-118:05:41,1203,5/29/23,9:00:00,279000742,SY,Second Year,,CP,0,0,100,100,95,90,100,D,50,y,y,y,73,58.5,19.46,7.52,3.31,3.16,37.5,25.5,12
CE28D05,UYRW,F,Female,Body Plumage,Pyramid_Lake,52.92375,-118.09464,52:55:26,-118:05:41,1203,5/29/23,9:20:00,279000743,SY,Second Year,,N,5,2,0,0,0,70,10,E,NA,y,n,y,73.5,56,18.71,7.59,3.32,3.15,38,25.5,12.5
CE28D06,UYRW,M,Male,Cloaca,Pyramid_Lake,52.92375,-118.09464,52:55:26,-118:05:41,1203,5/29/23,9:20:00,279000744,ASY,After Second Year,,CP,10,5,100,80,30,0,0,D,50,y,y,n,69.5,54.5,18.42,7.02,3.5,3.22,36.5,25.5,11
CE29D01,MYWA,M,Male,Cloaca,Pyramid_Lake,52.90843,-118.09123,52:54:30,-118:05:28,1192,5/30/23,6:00:00,279000745,SY,Second Year,,CP,0,0,100,100,75,60,20,D,0,y,y,n,73,54,18.86,7.65,3.51,3.05,39,26.5,12.5
CE29D02,MYWA,F,Female,Brood Patch,Pyramid_Lake,52.90843,-118.09123,52:54:30,-118:05:28,1192,5/30/23,6:15:00,279000746,SY,Second Year,,BP,0,0,100,0,0,100,30,D,NA,y,n,n,70,54,18.88,7.26,3.37,3.09,38,25.5,12.5
CE29D03,UYRW,M,Male,Cloaca,Pyramid_Lake,52.90843,-118.09123,52:54:30,-118:05:28,1192,5/30/23,6:15:00,279000747,ASY,After Second Year,,CP,20,20,90,20,50,30,10,E2,0,y,y,n,75,62,18.31,7.3,3.5,3.19,37,25.5,11.5
CE29D04,UYRW,M,Male,Cloaca,Pyramid_Lake,52.91399,-118.09763,52:54:50,-118:05:51,1190,5/30/23,7:15:00,279000748,ASY,After Second Year,,CP,50,15,30,100,50,100,20,E,50,y,y,y,77,58,19.05,7.3,3.54,3.21,38.5,26.5,12
CE29D05,MYWA,M,Male,Cloaca,Pyramid_Lake,52.91399,-118.09763,52:54:50,-118:05:51,1190,5/30/23,7:15:00,279000749,SY,Second Year,,CP,0,0,100,100,30,100,60,C,0,y,y,y,70,58.5,18.89,7.12,3.29,3.07,37.5,26,11.5
CE29D06,UYRW,M,Male,Cloaca,Snaring,53.01069,-118.09115,53:00:38,-118:05:28,1024,5/31/23,21:00:00,279000750,ASY,After Second Year,,CP,60,30,100,90,50,40,30,E2,50,y,y,n,73,55.5,19.71,7.93,3.44,3.14,39.5,26.5,13
CE29D07,MYWA,M,Male,Cloaca,Snaring,53.01069,-118.09115,53:00:38,-118:05:28,1024,5/31/23,21:20:00,279000751,ASY,After Second Year,,CP,0,0,100,100,70,50,40,D,0,y,y,n,74,58,18.15,7.63,3.15,3.08,37.5,25.5,12
CE29D08,AUWA,M,Male,Cloaca,Snaring,53.01069,-118.09115,53:00:38,-118:05:28,1024,5/31/23,21:20:00,279000752,ASY,After Second Year,,CP,80,100,100,40,15,30,5,D,0,y,y,n,74.5,57,18.76,7.15,3.32,3.16,38,26,12
CE30D01,MYWA,M,Male,Cloaca,Snaring,53.03637,-118.12207,53:02:11,-118:07:19,1033,5/31/23,7:40:00,279000753,ASY,After Second Year,,CP,10,5,90,100,80,50,50,D,0,y,y,y,73,59,19.56,7.2,3.54,3.23,37.5,25.5,12
CE30D02,MYWA,M,Male,Cloaca,Snaring,53.03637,-118.12207,53:02:11,-118:07:19,1033,5/31/23,8:00:00,279000754,ASY,After Second Year,,CP,10,2,50,70,30,100,90,D,0,y,y,n,74,58.5,19.03,7.11,3.17,3.15,37,25.5,11.5
CE30D04,MYWA,M,Male,Cloaca,Snaring,53.04049,-118.12259,53:02:26,-118:07:21,1033,5/31/23,9:24:00,279000755,SY,Second Year,,CP,0,0,100,100,60,90,80,D,0,y,y,y,69,53.5,18.6,7.82,3.45,3.2,37.5,25,12.5
CE30D05,MYWA,M,Male,Cloaca,Snaring,53.04049,-118.12259,53:02:26,-118:07:21,1033,5/31/23,9:30:00,279000756,ASY,After Second Year,,CP,0,0,80,80,30,80,15,F,50,y,y,n,75,55.5,19,6.9,3.33,3.23,38.5,26.5,12
CE30D06,MYWA,M,Male,Cloaca,Snaring,53.04049,-118.12259,53:02:26,-118:07:21,1033,5/31/23,9:40:00,279000757,ASY,After Second Year,,CP,5,2,100,100,70,100,100,F,50,y,y,n,72,57,18.86,7.46,3.44,3.15,38,26,12
CE31D01,MYWA,M,Male,Cloaca,Snaring,53.04193,-118.12261,53:02:31,-118:07:21,1039,6/1/23,6:00:00,279000758,ASY,After Second Year,,CP,10,10,100,100,60,100,25,D,0,y,y,n,74.5,58.5,18.68,6.94,3.48,3.01,37.5,25.5,12
CE31D02,MYWA,F,Female,Brood Patch,Snaring,53.04193,-118.12261,53:02:31,-118:07:21,1039,6/1/23,6:20:00,279000759,ASY,After Second Year,,BP,0,0,100,0,0,100,100,D,NA,y,n,n,73,57,18.94,6.84,3.52,3.06,40.5,26,14.5
CE31D03,AUWA,M,Male,Cloaca,Red_Pass_Junction,52.99257,-119.55036,52:59:33,-119:33:01,783,6/1/23,15:00:00,279000760,SY,Second Year,,CP,100,100,5,25,80,15,2,E2,100,y,y,n,72,56,17.65,7.06,3.46,3.19,37,25,12
CE31D04,AUWA,M,Male,Cloaca,Red_Pass_Junction,52.99257,-119.55035,52:59:33,-119:33:01,783,6/1/23,15:15:00,279000761,SY,Second Year,,CP,95,100,5,5,10,60,5,E2,50,y,y,y,72,55,18.42,7.69,3.52,3.25,38.5,25.5,13
CF02D01,UYRW,M,Male,Cloaca,Pyramid_Lake,52.92524,-118.08759,52:55:31,-118:05:15,1211,6/3/23,6:00:00,279000762,SY,Second Year,,CP,95,100,60,5,5,100,50,E,0,y,y,n,72,53,17.89,7.2,3.08,3.02,,,
CF02D02,UYRW,M,Male,Cloaca,Pyramid_Lake,52.92524,-118.08759,52:55:31,-118:05:15,1211,6/3/23,6:30:00,279000763,ASY,After Second Year,,CP,50,40,5,5,10,5,0,F,0,y,y,n,76,59,19.19,7.12,3.34,3.04,37.5,25.5,12
CF02D03,UYRW,M,Male,Cloaca,Pyramid_Lake,52.92524,-118.08759,52:55:31,-118:05:15,1211,6/3/23,6:50:00,279000764,ASY,After Second Year,,CP,50,10,5,70,60,70,20,E,50,y,y,n,74,59,19.53,7.46,3.25,3.18,37.5,26,11.5
CF02D04,MYWA,F,Female,Brood Patch,Pyramid_Lake,52.92524,-118.08759,52:55:31,-118:05:15,1211,6/3/23,7:30:00,279000765,ASY,After Second Year,,BP,0,0,100,0,0,20,5,D,NA,y,n,n,71,54,17.85,6.93,3.13,2.98,31.5,18.5,13
CF02D05,UYRW,M,Male,Cloaca,Pyramid_Lake,52.92541,-118.07892,52:55:31,-118:04:44,1198,6/3/23,8:00:00,279000766,ASY,After Second Year,,CP,100,100,60,5,10,70,100,F,100,y,y,y,78,59,18.81,7.84,3.62,3.49,38,26,12
CF02D06,MYWA,M,Male,Cloaca,Pyramid_Lake,52.92541,-118.07892,52:55:31,-118:04:44,1198,6/3/23,8:20:00,279000767,ASY,After Second Year,,CP,10,5,100,100,70,30,5,NA,0,y,y,n,73,59,19.26,7.4,3.11,3.07,38.5,27,11.5
CF02D07,MYWA,F,Female,Brood Patch,Pyramid_Lake,52.92541,-118.07892,52:55:31,-118:04:44,1198,6/3/23,8:30:00,279000768,AHY,After Hatching Year,,BP,0,0,70,0,0,2,5,D,NA,y,n,n,70,55,19.38,7.09,3.28,3.1,39.5,26,13.5
CF05D01,MYWA,F,Female,Brood Patch,Ghost,51.40492,-115.05418,51:24:18,-115:03:15,1523,6/7/23,21:00:00,279000769,SY,Second Year,,BP,0,0,100,0,0,60,30,D,NA,y,n,y,73,55,19.14,7.45,3.03,3.17,39.5,25.5,14
CF05D02,UYRW,M,Male,Cloaca,Ghost,51.40492,-115.05418,51:24:18,-115:03:15,1523,6/7/23,21:20:00,279000770,SY,Second Year,,CP,30,20,90,80,70,100,80,E,,y,y,y,73,57,19.15,7.52,3.3,3.16,38,25,13
CF05D03,UYRW,M,Male,Cloaca,Ghost,51.40492,-115.05418,51:24:18,-115:03:15,1523,6/7/23,21:30:00,279000771,ASY,After Second Year,,CP,90,95,100,80,20,30,100,D,,y,y,y,73,57,18.9,7.46,3.9,3.39,39.5,25.5,14
CF06D01,UYRW,M,Male,Cloaca,Ghost,51.40424,-115.05848,51:24:15,-115:03:31,1537,6/7/23,7:00:00,279000772,ASY,After Second Year,,CP,40,50,100,70,50,0,0,E,0,y,y,n,74,57,19.27,7.59,3.2,2.9,37,25.5,11.5
CF06D02,MYWA,F,Female,Brood Patch,Ghost,51.40577,-115.04471,51:24:21,-115:02:41,1516,6/7/23,7:40:00,279000773,SY,Second Year,,BP,0,0,20,0,0,60,80,D,NA,y,n,n,76,52.5,18.28,7.13,3.3,2.87,38,25,13
CF06D03,UYRW,M,Male,Cloaca,Ghost,51.40577,-115.04471,51:24:21,-115:02:41,1516,6/7/23,8:00:00,279000774,ASY,After Second Year,,CP,20,30,50,90,40,10,5,E2,0,y,y,y,74.5,55.5,18.49,8,3.51,3.04,37,25,12
CF06D04,MYWA,M,Male,Cloaca,Ghost,51.40577,-115.04471,51:24:21,-115:02:41,1516,6/7/23,8:00:00,279000775,ASY,After Second Year,,CP,15,5,100,100,90,100,100,E2,50,y,y,n,76.5,56,19.21,7.14,3.31,3,38.5,26.5,12
CF06D05,UYRW,M,Male,Cloaca,Ghost,51.40291,-115.04005,51:24:10,-115:02:24,1494,6/7/23,9:15:00,279000776,SY,Second Year,,CP,20,20,100,80,90,30,100,D,50,y,y,n,72.5,55.5,19.4,7.28,3.13,3.11,,,
CF06D06,MYWA,M,Male,Cloaca,Ghost,51.4045,-115.03551,51:24:16,-115:02:08,1511,6/7/23,10:00:00,279000777,ASY,After Second Year,,CP,20,5,100,100,100,90,100,E,0,y,y,n,75.5,58,18.92,7.62,3.21,2.99,38,25.5,12.5
CF06D07,MYWA,M,Male,Cloaca,Ghost,51.4045,-115.03551,51:24:16,-115:02:08,1511,6/7/23,10:20:00,279000778,SY,Second Year,,CP,10,2,100,100,50,100,40,D,0,y,y,y,72,56,18.97,7.11,3.55,3.09,38.5,26.5,12
CF06D08,MYWA,M,Male,Cloaca,Ghost,51.4033,-115.02676,51:24:12,-115:01:36,1501,6/8/23,11:00:00,279000779,SY,Second Year,,CP,0,0,100,100,90,100,100,D,0,y,y,n,70,56,17.9,7.04,3.14,2.98,36.5,25,11.5
CF06D09,MYWA,F,Female,Brood Patch,Ghost,51.40331,-115.02676,51:24:12,-115:01:36,1501,6/9/23,11:30:00,279000780,ASY,After Second Year,,BP,0,0,20,0,0,20,10,D,NA,y,n,n,68,52.5,16.99,6.76,3.23,3.02,36.5,26,10.5
CF08D01,MYWA,M,Male,Cloaca,Sundre,51.70769,-114.80498,51:42:28,-114:48:18,1235,6/9/23,6:00:00,279000781,SY,Second Year,,CP,10,5,100,100,80,100,50,E,0,y,y,n,72,57.5,18.31,7.09,3.48,3.07,36,26,10
CF08D02,MYWA,M,Male,Cloaca,Sundre,51.70757,-114.80973,51:42:27,-114:48:35,1239,6/9/23,6:40:00,279000782,SY,Second Year,,CP,0,0,80,0,50,5,5,D,0,y,y,n,71.5,55,19.15,7.5,3.26,3.21,38,26,12
CF08D03,MYWA,M,Male,Cloaca,Sundre,51.70757,-114.80973,51:42:27,-114:48:35,1239,6/9/23,7:00:00,279000783,ASY,After Second Year,,CP,0,0,100,100,95,20,5,E,0,y,y,y,73,57,17.89,7.33,3.34,3.14,37,25.5,11.5
CF08D04,MYWA,F,Female,Brood Patch,Sundre,51.70757,-114.80973,51:42:27,-114:48:35,1239,6/9/23,7:00:00,279000784,SY,Second Year,,BP,0,0,100,0,0,70,60,D,NA,y,n,n,67,53,18.89,7.19,3.25,3.16,37.5,26,11.5
CF08D05,MYWA,M,Male,Cloaca,Sundre,51.70773,-114.81514,51:42:28,-114:48:55,1207,6/9/23,7:10:00,279000785,SY,Second Year,,CP,0,0,100,100,70,100,100,D,,y,y,n,75.5,56,18.85,7.53,3.42,3.07,37.5,25.5,12
CF08D06,MYWA,F,Female,Brood Patch,Sundre,51.70773,-114.81514,51:42:28,-114:48:55,1207,6/9/23,7:10:00,279000786,SY,Second Year,,BP,0,0,100,0,0,100,5,D,NA,y,n,y,67,52.5,18.21,7.14,3.87,3.1,,,
CF08D07,MYWA,M,Male,Cloaca,Sundre,51.70766,-114.82116,51:42:28,-114:49:16,1199,6/9/23,9:40:00,279000787,SY,Second Year,,CP,25,10,100,100,60,40,20,D,0,y,y,y,71.5,55,18.76,6.54,3.52,3.18,37,26,11
CF08D08,MYWA,M,Male,Cloaca,Sundre,51.70577,-114.81469,51:42:21,-114:48:53,1205,6/9/23,12:00:00,279000788,ASY,After Second Year,,CP,0,0,100,100,80,100,100,D,,y,y,n,73,54,19.05,7.14,3.47,3.2,38.5,25.5,13
CF08D09,MYWA,M,Male,Cloaca,Rocky_Mountain_House,52.46584,-115.09713,52:27:57,-115:05:50,989,6/9/23,15:40:00,279000789,ASY,After Second Year,,CP,20,10,100,80,60,5,90,E,50,y,y,n,72,57,18.15,7.09,3.24,3.13,38.5,27,11.5
CF08D10,MYWA,M,Male,Cloaca,Rocky_Mountain_House,52.46584,-115.09713,52:27:57,-115:05:50,989,6/9/23,16:00:00,279000790,ASY,After Second Year,,CP,10,5,80,100,30,90,5,F,50,y,y,n,,,,,,,38,25,13
CF09D01,MYWA,M,Male,Cloaca,Rocky_Mountain_House,52.46918,-115.11675,52:28:09,-115:07:00,987,6/10/23,7:00:00,279000791,SY,Second Year,,CP,0,0,100,100,40,30,100,D,50,y,y,y,71.5,55.5,17.65,7.02,3.08,3.06,,,
CF09D02,MYWA,M,Male,Cloaca,Rocky_Mountain_House,52.47143,-115.11624,52:28:17,-115:06:58,984,6/10/23,8:00:00,279000792,SY,Second Year,,CP,0,0,100,90,40,90,70,E,0,y,y,y,71,54,18.43,6.86,3.5,3.28,37.5,26,11.5
CF09D03,MYWA,M,Male,Cloaca,Rocky_Mountain_House,52.47143,-115.11624,52:28:17,-115:06:58,984,6/10/23,8:15:00,279000793,AHY,After Hatching Year,,CP,0,0,60,100,100,5,60,D,0,y,y,n,71,54.5,17.37,7.32,3.44,3.08,38.5,26.5,12
CF09D04,MYWA,M,Male,Cloaca,Rocky_Mountain_House,52.46772,-115.11444,52:28:04,-115:06:52,999,6/10/23,9:30:00,279000794,ASY,After Second Year,,CP,0,0,100,90,90,100,60,D,0,y,y,n,71.5,55,18.62,7.07,3.3,3.3,38.5,25.5,13
CF09D05,MYWA,M,Male,Cloaca,Rocky_Mountain_House,52.46772,-115.11444,52:28:04,-115:06:52,999,6/10/23,9:40:00,279000795,ASY,After Second Year,,CP,0,0,100,100,30,100,90,E,0,y,y,n,75,61,19.2,6.75,3.28,3.4,38.5,25.5,13
CF09D06,MYWA,F,Female,Brood Patch,Rocky_Mountain_House,52.46772,-115.11444,52:28:04,-115:06:52,999,6/10/23,10:00:00,279000796,SY,Second Year,,BP,0,0,100,0,0,10,5,D,NA,y,n,n,70.5,54,18.3,6.66,3.57,3.34,38.5,26,12.5
CF09D07,MYWA,M,Male,Cloaca,Rocky_Mountain_House,52.46304,-115.11474,52:27:47,-115:06:53,1007,6/10/23,11:00:00,279000797,ASY,After Second Year,,CP,15,5,80,100,15,2,20,E,0,y,y,n,76,57,18.51,7.24,3.28,3.25,38,26,12
CF11D01,MYWA,M,Male,Cloaca,Fawcett_Lake,55.30131,-114.06225,55:18:05,-114:03:44,696,6/12/23,5:30:00,279000798,ASY,After Second Year,,CP,0,0,100,100,95,100,60,D,0,y,y,n,74,56,19.07,7.35,3.53,3.39,38,25.5,12.5
CF11D02,MYWA,M,Male,Cloaca,Fawcett_Lake,55.30057,-114.06267,55:18:02,-114:03:46,638,6/12/23,0:00:00,279000799,AHY,After Hatching Year,,CP,0,0,100,100,95,15,70,D,0,y,y,n,73.5,58.5,18.38,7,3.38,3.08,38,26,12
CF11D03,MYWA,M,Male,Cloaca,Fawcett_Lake,55.30057,-114.06267,55:18:02,-114:03:46,638,6/12/23,6:40:00,279000800,SY,Second Year,,CP,0,0,100,95,95,100,100,D,,y,y,n,71,56,17.59,7.3,3.18,3.18,37,25.5,11.5
CF11D04,MYWA,M,Male,Cloaca,Fawcett_Lake,55.30057,-114.06267,55:18:02,-114:03:46,638,6/12/23,6:40:00,279000801,SY,Second Year,,CP,0,0,100,100,90,80,100,D,0,y,y,n,72,56,18.94,7.43,3.45,3.29,38,26,12
CF11D05,MYWA,M,Male,Cloaca,Fawcett_Lake,55.29432,-114.06145,55:17:40,-114:03:41,653,6/12/23,8:30:00,279000802,ASY,After Second Year,,CP,0,0,100,100,95,90,90,D,0,y,y,n,73.5,57,18.33,7.71,3.34,3.21,37.5,25.5,12
CF11D06,MYWA,M,Male,Cloaca,Fawcett_Lake,55.32981,-114.02812,55:19:47,-114:01:41,645,6/12/23,10:30:00,279000803,ASY,After Second Year,,CP,0,0,100,100,95,5,85,D,0,y,y,n,75,60,18.75,7.09,3.36,3.34,,,
CF12D01,MYWA,M,Male,Cloaca,Fawcett_Lake,55.2973,-114.06475,55:17:50,-114:03:53,635,6/13/23,6:00:00,279000804,ASY,After Second Year,,CP,0,0,100,100,90,90,50,D,0,y,y,n,73.5,59,18.08,6.96,3.28,3.33,37,25.5,11.5
CF12D02,MYWA,M,Male,Cloaca,Fawcett_Lake,55.2973,-114.06475,55:17:50,-114:03:53,635,6/13/23,6:20:00,279000805,AHY,After Hatching Year,,CP,0,0,100,100,95,100,50,C,0,y,y,n,71,54,18.25,7.07,3.44,3.16,38,25.5,12.5
CF12D03,MYWA,M,Male,Cloaca,Fawcett_Lake,55.32949,-114.02041,55:19:46,-114:01:13,655,6/13/23,7:20:00,279000806,ASY,After Second Year,,CP,0,0,100,100,95,100,70,D,,y,y,n,73,56.5,19.08,6.96,3.3,3.26,38.5,26,12.5
CF12D04,MYWA,M,Male,Cloaca,Fawcett_Lake,55.32949,-114.02041,55:19:46,-114:01:13,655,6/13/23,7:20:00,279000807,SY,Second Year,,CP,0,0,90,100,95,80,80,D,0,y,y,y,70,55,17.89,7.39,3.2,3.08,38,26,12
CF12D05,MYWA,M,Male,Cloaca,Grizzly_Trail,54.52472,-115.09235,54:31:29,-115:05:32,850,6/13/23,20:30:00,279000808,SY,Second Year,,CP,0,0,80,90,60,10,50,D,0,y,y,y,70,53,18.34,7.09,3.36,3.23,38,25.5,12.5
CF12D06,MYWA,M,Male,Cloaca,Grizzly_Trail,54.52472,-115.09235,54:31:29,-115:05:32,850,6/13/23,10:30:00,279000809,SY,Second Year,,CP,0,0,100,100,80,90,100,D,0,y,y,y,73.5,57.5,18.65,6.73,3.26,3.02,,,
CF14D01,MYWA,M,Male,Cloaca,Miette,53.19487,-117.19487,53:11:42,-117:11:42,1125,6/15/23,20:00:00,279000810,SY,Second Year,,CP,0,0,100,100,70,100,70,D,0,y,y,y,72,57.5,19.08,6.67,3.05,3,38.5,27,11.5
CF14D02,MYWA,M,,,Miette,53.19487,-117.19487,,,1125,6/15/23,20:00:00,NA,SY,,,CP,0,0,80,80,30,40,10,E,0,y,y,y,70.5,53.5,17.96,6.81,3.38,3.34,38,26.5,11.5
CF15D01,MYWA,M,Male,Cloaca,Miette,53.19539,-117.90358,53:11:43,-117:54:13,1191,6/16/23,5:40,279000811,SY,Second Year,,CP,30,15,30,100,20,5,2,E,50,y,y,n,70,52,19.3,7.05,3.22,3.16,39,27,12
CF15D02,MYWA,M,Male,Cloaca,Miette,53.19539,-117.90358,53:11:43,-117:54:13,1191,6/16/23,6:00:00,279000812,SY,Second Year,,CP,0,0,100,100,70,80,60,D,0,y,y,n,70.5,53.5,19.1,6.96,3.24,3.11,38.5,26.5,12
CF15D03,MYWA,M,Male,Cloaca,Miette,53.18598,-117.88742,53:11:10,-117:53:15,1271,6/16/23,7:15:00,279000813,ASY,After Second Year,,CP,0,0,100,95,85,80,85,E2,0,y,y,n,75,59.5,18.59,7.22,3.52,3.27,39,26.5,12.5
CF15D04,MYWA,M,Male,Cloaca,Miette,53.18598,-117.88742,53:11:10,-117:53:15,1271,6/16/23,7:30:00,279000814,ASY,After Second Year,,CP,0,0,90,70,30,90,40,E,0,y,y,n,72.5,57.5,17.45,6.98,3.17,3.33,38,26.5,11.5
CF15D05,MYWA,M,Male,Cloaca,Miette,53.18598,-117.88742,53:11:10,-117:53:15,1271,6/16/23,7:40:00,279000815,SY,Second Year,,CP,0,0,100,100,80,90,10,C,0,y,y,n,72.5,57.5,18.48,7.21,3.33,3.19,37.5,26,11.5
CF15D06,MYWA,M,Male,Cloaca,Miette,53.18598,-117.88742,53:11:10,-117:53:15,1271,6/16/23,8:00:00,279000816,SY,Second Year,,CP,0,0,90,80,90,50,10,E2,0,y,y,y,73,56,18.92,7.34,3.24,3.12,,,
CF15D07,MYWA,M,Male,Cloaca,Miette,53.17463,-117.82805,53:10:29,-117:49:41,1148,6/16/23,9:00:00,279000817,SY,Second Year,,CP,0,0,100,100,90,100,90,C,0,y,y,n,75,59,18.29,7.34,3.34,3.11,38.5,27,11.5
CF16D01,MYWA,M,Male,Cloaca,Sundance,53.73254,-117.12273,53:43:57,-117:07:22,1028,6/17/23,5:30:00,279000818,ASY,After Second Year,,CP,0,0,100,100,70,100,100,D,0,y,y,n,72,55.5,17.24,7.23,3.3,3.23,39,26,13
CF16D02,MYWA,M,Male,Cloaca,Sundance,53.73254,-117.12273,53:43:57,-117:07:22,1028,6/17/23,5:30:00,279000819,SY,Second Year,,CP,0,0,100,80,40,20,10,D,0,y,y,n,70,55,18.55,7.15,3.45,3.07,38,25.5,12.5
CF16D03,MYWA,F,Female,Brood Patch,Sundance,53.73254,-117.12273,53:43:57,-117:07:22,1028,6/17/23,6:20:00,279000820,SY,Second Year,,BP,0,0,100,0,0,20,20,C,NA,y,n,n,70,55,19.45,7.07,3.35,3.4,38,26,12
CF16D04,MYWA,M,Male,Cloaca,Sundance,53.73254,-117.12273,53:43:57,-117:07:22,1028,6/17/23,6:30:00,279000821,SY,Second Year,,CP,0,0,100,100,100,90,40,C,0,y,y,n,70,56.5,19.55,7.48,3.36,3.45,39,26.5,12.5
CF16D05,MYWA,M,Male,Cloaca,Sundance,53.73616,-117.11951,53:44:10,-117:07:10,1022,6/17/23,7:40:00,279000822,ASY,After Second Year,,CP,5,2,100,100,60,100,30,D,0,y,y,n,76,57.5,19.62,7.03,3.45,3.25,38,26,12
CF16D06,MYWA,M,Male,Cloaca,Sundance,53.73895,-117.11616,53:44:20,-117:06:58,1019,6/17/23,10:30:00,279000823,ASY,After Second Year,,CP,0,0,70,100,50,80,70,D,0,y,y,n,71,54,17.44,7.32,3.28,3.22,39,26,13
CF16D07,MYWA,F,Female,Brood Patch,Sundance,53.73895,-117.11616,53:44:20,-117:06:58,1019,6/17/23,10:30:00,279000824,SY,Second Year,,BP,0,0,90,0,0,0,10,C,NA,y,n,n,67,53,19.25,7.05,3.15,3.08,39.5,27,12.5
CF16D08,MYWA,M,Male,Cloaca,Sundance,53.73895,-117.11616,53:44:20,-117:06:58,1019,6/17/23,10:30:00,279000825,SY,Second Year,,CP,0,0,100,100,30,100,90,D,0,y,y,y,73,56.5,18.67,7.04,3.53,3.28,39,26.5,12.5
CF16D09,MYWA,M,Male,Cloaca,Sundance,53.73895,-117.11616,53:44:20,-117:06:58,1019,6/17/23,10:45:00,279000826,AHY,After Hatching Year,,CP,0,0,100,100,95,90,100,C,0,y,y,n,71,58,18.47,6.91,3.29,3.19,39,27,12
CF16D10,MYWA,M,Male,Cloaca,Sundance,53.76015,-117.04603,53:45:37,-117:02:46,1044,6/17/23,14:00:00,279000827,ASY,After Second Year,,CP,0,0,90,90,80,90,40,E2,0,y,y,n,74,55.5,18.55,7.49,3.61,3.33,38,25.5,12.5
CF17D01,MYWA,M,Male,Cloaca,McLeod,54.27496,-115.70156,54:16:30,-115:42:06,854,6/18/23,6:30:00,279000828,ASY,After Second Year,,CP,30,20,100,100,95,95,100,F,,y,y,n,75,57,19.01,7.35,3.46,3.16,38,26,12
CF20D01,AUWA,M,Male,Cloaca,Peter_Lougheed,50.70338,-115.1211,50:42:12,-115:07:16,1626,6/21/23,11:40:00,279000829,SY,Second Year,,CP,100,100,20,0,0,0,2,E2,50,y,y,n,72.5,57,,,,,,,
CF20D02,AUWA,M,Male,Cloaca,Peter_Lougheed,50.70338,-115.1211,50:42:12,-115:07:16,1626,6/21/23,11:50:00,279000830,AHY,After Hatching Year,,CP,85,85,100,100,20,15,2,E,0,y,y,n,75.5,56,,,,,38.5,26,12.5
CF20D03,AUWA,F,Female,Brood Patch,Peter_Lougheed,50.70338,-115.1211,50:42:12,-115:07:16,1626,6/21/23,12:00:00,279000831,ASY,After Second Year,,BP,65,70,20,0,0,10,0,E,NA,y,y,y,69,52.5,,,,,40.5,27,13.5
CF20D04,AUWA,M,Male,Cloaca,Evan_Thomas,50.89293,-115.13427,50:53:35,-115:08:03,1531,6/21/23,16:25:00,279000833,SY,Second Year,,CP,95,100,30,70,15,20,30,F,0,y,y,y,73,59,18.83,7.43,3.5,3.1,38,26,12
CF20D05,AUWA,F,Female,Brood Patch,Evan_Thomas,50.89374,-115.1334,50:53:37,-115:08:00,1508,6/21/23,16:30:00,279000832,SY,Second Year,,BP,20,15,0,0,0,0,0,D,NA,y,y,y,69,50.5,18.7,7,3.62,3.14,39.5,27,12.5
CF20D06,AUWA,M,Male,Cloaca,Evan_Thomas,50.89374,-115.1334,50:53:37,-115:08:00,1508,6/21/23,16:40:00,279000834,SY,Second Year,,CP,80,70,0,70,20,0,0,E,50,y,y,y,75,57,18.98,7.33,3.65,3.11,39,26,13
CF22D01,AUWA,M,Male,Cloaca,Waterton,49.00598,-113.66522,49:00:22,-113:39:55,1565,6/21/23,8:30:00,279000835,ASY,After Second Year,,CP,100,100,0,80,100,0,0,E2,100,y,y,n,77,58.5,18.71,7.53,3.36,3.24,38.5,26,12.5
CF22D02,AUWA,M,Male,Cloaca,Waterton,49.02912,-113.68134,49:01:45,-113:40:53,1378,6/23/23,9:30:00,279000836,SY,Second Year,,CP,100,100,0,0,0,0,0,E,100,y,y,y,74,55.5,19.51,7.56,3.23,3.23,40,27,13
CF23D01,AUWA,F,Female,Brood Patch,Waterton,49.03658,-113.68146,49:02:12,-113:40:53,1383,6/24/23,6:50:00,279000837,ASY,After Second Year,,BP,65,80,0,0,0,30,0,E2,NA,y,y,n,72,55.5,18.7,7.63,3.36,3.31,38.5,26,12.5
CF23D02,AUWA,M,Male,Cloaca,Waterton,49.03658,-113.68146,49:02:12,-113:40:53,1383,6/24/23,7:15:00,279000838,AHY,After Hatching Year,,CP,100,100,0,80,5,0,0,E2,100,y,y,n,75,58,19.17,7.4,3.48,3.44,38,26,12
CF23D03,AUWA,M,Male,Cloaca,Waterton,49.0761,-113.79132,49:04:34,-113:47:29,1512,6/24/23,8:45:00,279000839,ASY,After Second Year,,CP,100,100,50,60,5,0,0,E2,100,y,y,y,77,58,19.31,7.37,3.49,3.37,38,26,12
CF23D04,AUWA,M,Male,Cloaca,Waterton,49.0761,-113.79132,49:04:34,-113:47:29,1512,6/24/23,8:45:00,279000840,ASY,After Second Year,,CP,100,100,10,20,70,0,2,E,100,y,y,n,75,58,19.69,7.3,3.24,3.18,37.5,25.5,12
CF23D05,AUWA,F,Female,Brood Patch,Waterton,49.0761,-113.79132,49:04:34,-113:47:29,1512,6/24/23,9:05:00,279000841,SY,Second Year,,BP,100,100,0,0,0,0,0,E2,NA,y,y,y,73.5,57,18.48,7.41,3.27,3.19,39,26,13
CF23D06,AUWA,M,Male,Cloaca,Crowsnest,49.66006,-114.48129,49:39:36,-114:28:53,1584,6/24/23,17:05:00,279000842,ASY,After Second Year,,CP,100,100,0,5,80,5,0,E,100,y,y,n,75,58.5,19.5,7.83,3.2,3.25,,,
CF23D07,AUWA,M,Male,Cloaca,Crowsnest,49.66006,-114.48129,49:39:36,-114:28:53,1584,6/24/23,17:15:00,279000843,ASY,After Second Year,,CP,100,100,20,5,30,20,2,E2,50,y,y,y,75,59,19.29,7.44,3.14,3.09,39.5,26,13.5
CF23D08,AUWA,M,Male,Cloaca,Crowsnest,49.68122,-114.5972,49:40:52,-114:35:50,1565,6/25/23,20:20:00,279000844,ASY,After Second Year,,CP,100,100,0,10,70,0,0,E2,100,y,y,n,76,59,19.26,7.63,3.13,3.2,39,26.5,12.5
CF24D01,AUWA,M,Male,Cloaca,Crowsnest,49.68006,-114.59549,49:40:48,-114:35:44,1558,6/25/23,7:20:00,279000845,ASY,After Second Year,,CP,100,100,10,15,80,0,10,E2,100,y,y,y,78,60,19.56,7.46,3.22,3.23,40,27,13
CF24D02,AUWA,M,Male,Cloaca,Crowsnest,49.68006,-114.59549,49:40:48,-114:35:44,1558,6/25/23,7:20:00,279000846,SY,Second Year,,CP,100,100,5,5,30,0,5,E,50,y,y,n,74,55.5,19.55,7.5,3.34,3.23,38.5,26,12.5
CF24D03,AUWA,M,Male,Cloaca,Crowsnest,49.6783,-114.59433,49:40:42,-114:35:40,1542,6/25/23,7:25:00,279000847,SY,Second Year,,CP,95,100,0,5,20,0,50,E,100,y,y,n,74,57,19.57,7.65,3.41,3.22,37.5,26,11.5
CF24D04,AUWA,M,Male,Cloaca,Crowsnest,49.68006,-114.59549,49:40:48,-114:35:44,1558,6/25/23,8:00:00,279000848,SY,Second Year,,CP,95,100,70,30,70,20,60,E2,100,y,y,y,76.5,58,19.86,7.7,3.43,3.08,38.5,26,12.5
CF24D05,UYRW,M,Male,Cloaca,Crowsnest,49.67566,-114.59303,49:40:32,-114:35:35,1533,6/25/23,9:15:00,279000849,AHY,After Hatching Year,,CP,100,100,40,5,50,50,80,E,100,y,y,n,73,57,19.78,7.48,3.34,3.24,,,
CF24D06,AUWA,M,Male,Cloaca,Crowsnest,49.66834,-114.48026,49:40:06,-114:28:49,1631,6/25/23,10:40:00,279000850,SY,Second Year,,CP,100,100,0,5,15,40,0,E,100,y,y,n,74,55.5,19.88,7.07,3.23,3.22,39.5,26,13.5
CF24D07,AUWA,M,Male,Cloaca,Crowsnest,49.67363,-114.48187,49:40:25,-114:28:55,1642,6/25/23,11:40:00,279000851,ASY,After Second Year,,CP,100,100,10,5,10,30,0,E2,100,y,y,n,75,56,18.57,7.97,3.4,3.34,39,26.5,12.5
CF24D08,AUWA,M,Male,Cloaca,Crowsnest,49.67363,-114.48187,49:40:25,-114:28:55,1642,6/25/23,11:50:00,279000852,ASY,After Second Year,,CP,100,100,90,10,20,30,5,E2,100,y,y,n,78,61,19.71,6.85,3.47,3.29,38,26,12
CF24D09,AUWA,M,Male,Cloaca,Crowsnest,49.67363,-114.48187,49:40:25,-114:28:55,1642,6/25/23,11:50:00,279000853,ASY,After Second Year,,CP,100,100,30,10,20,10,5,E2,100,y,y,n,77,60,19.4,7.58,3.48,3.1,38.5,26,12.5
CF25D01,AUWA,M,Male,Cloaca,Livingstone,50.09955,-114.43844,50:05:58,-114:26:18,1675,6/26/23,6:00:00,279000854,SY,Second Year,,CP,95,100,80,10,30,0,10,E2,100,y,y,n,73.5,55,18.54,7,3.13,3.15,36.5,25.5,11
CF25D02,AUWA,F,Female,Brood Patch,Livingstone,50.09955,-114.43844,50:05:58,-114:26:18,1675,6/26/23,6:20:00,279000855,SY,Second Year,,BP,95,90,0,0,0,10,5,E,NA,y,y,n,72,55,19.4,7.36,3.2,3.07,38.5,26,12.5
CF25D03,AUWA,M,Male,Cloaca,Livingstone,50.09955,-114.43844,50:05:58,-114:26:18,1675,6/26/23,6:20:00,279000856,ASY,After Second Year,,CP,100,100,10,5,20,2,2,E2,100,y,y,n,78,58,18.31,7.05,3.55,3.48,38,26,12
CF25D04,UYRW,M,Male,Cloaca,Livingstone,50.09955,-114.43844,50:05:58,-114:26:18,1675,6/26/23,6:50:00,279000857,ASY,After Second Year,,CP,100,100,30,80,80,0,0,E2,100,y,y,n,75,56,19.79,6.66,3.03,3.32,38.5,26.5,12
CF25D05,UYRW,M,Male,Cloaca,Livingstone,50.09884,-114.43759,50:05:56,-114:26:15,1684,6/26/23,8:35:00,279000858,ASY,After Second Year,,CP,50,50,85,70,25,5,55,E2,50,y,y,n,74,57,18.65,7.25,3.24,3,38.5,26,12.5
CF25D06,AUWA,M,Male,Cloaca,Livingstone,50.10477,-114.43951,50:06:17,-114:26:22,1702,6/26/23,9:25:00,279000859,ASY,After Second Year,,CP,100,100,0,10,30,0,0,E2,100,y,y,y,76,58,18.75,7.78,3.23,3.24,39,26,13
CF25D07,AUWA,M,Male,Cloaca,Livingstone,50.11087,-114.43804,50:06:39,-114:26:17,1711,6/26/23,10:25:00,279000860,ASY,After Second Year,,CP,85,100,25,5,30,0,0,E2,100,y,y,n,75,56,19.19,7.14,3.47,3.38,38,26,12
CF25D08,AUWA,M,Male,Cloaca,Livingstone,50.13415,-114.43752,50:08:03,-114:26:15,1753,6/26/23,11:30:00,279000861,SY,Second Year,,CP,95,100,40,90,40,0,2,E2,50,y,y,y,73.5,55.5,18.56,7.11,3.26,3.08,38,26,12
CF25D09,UYRW,M,Male,Cloaca,Livingstone,50.09716,-114.43527,50:05:50,-114:26:07,1676,6/26/23,12:50:00,279000862,ASY,After Second Year,,CP,95,100,60,15,20,50,35,E2,100,y,y,n,66,59,19.58,7.69,3.15,3.04,38.5,26,12.5
CF25D10,AUWA,F,Female,Brood Patch,Livingstone,50.09716,-114.43527,50:05:50,-114:26:07,1676,6/26/23,13:00:00,279000863,SY,Second Year,,BP,75,80,0,0,0,2,0,E,NA,y,y,y,71,53,19.48,7.17,3.2,3.16,38.5,26,12.5
CF26D01,AUWA,M,Male,Cloaca,Peter_Lougheed,50.6848,-115.11428,50:41:05,-115:06:51,1701,6/27/23,6:30:00,279000864,ASY,After Second Year,,CP,95,100,0,10,80,0,0,E2,50,y,y,n,75,56,19.75,7.13,3.18,3.11,38.5,26,12.5
CF26D02,AUWA,M,Male,Cloaca,Peter_Lougheed,50.6848,-115.11428,50:41:05,-115:06:51,1701,6/27/23,6:30:00,279000865,ASY,After Second Year,,CP,95,100,20,15,80,5,0,E,100,y,y,n,76,57.5,19.1,7.24,3.38,3.11,38,25.5,12.5
CF26D03,AUWA,M,Male,Cloaca,Peter_Lougheed,50.686,-115.11548,50:41:10,-115:06:56,1679,6/27/23,6:40:00,279000866,ASY,After Second Year,,CP,100,100,0,5,80,15,0,E2,100,y,y,n,74.5,62,19.16,8.34,3.15,3.38,38.5,26,12.5
CF26D04,AUWA,M,Male,Cloaca,Peter_Lougheed,50.686,-115.11548,50:41:10,-115:06:56,1679,6/27/23,6:50:00,279000867,ASY,After Second Year,,CP,100,100,10,10,10,10,10,E2,100,y,y,n,74,60,19.05,7.35,3.31,3.08,,,
CF26D05,AUWA,M,Male,Cloaca,Peter_Lougheed,50.686,-115.11548,50:41:10,-115:06:56,1679,6/27/23,7:30:00,279000868,SY,Second Year,,CP,95,100,20,10,60,5,10,E2,50,y,y,n,74.5,55,18.97,7.2,3.13,3.14,38.5,26,12.5
CF26D06,AUWA,F,Female,Brood Patch,Peter_Lougheed,50.686,-115.11548,50:41:10,-115:06:56,1679,6/27/23,7:30:00,279000869,SY,Second Year,,BP,90,90,0,0,0,0,0,E,NA,y,y,y,69,53.5,18.91,6.63,3.34,2.98,37,26,11
CF26D07,UYRW,M,Male,Cloaca,Peter_Lougheed,50.686,-115.11548,50:41:10,-115:06:56,1679,6/27/23,7:50:00,279000870,SY,Second Year,,CP,30,60,20,5,15,5,5,E2,50,y,y,y,72,56.5,19.12,7.63,3.13,3.15,38.5,26,12.5
CF26D08,AUWA,F,Female,Brood Patch,Peter_Lougheed,50.686,-115.11548,50:41:10,-115:06:56,1679,6/27/23,7:50:00,279000871,AHY,After Hatching Year,,BP,25,25,0,0,0,0,0,E,NA,y,y,n,67,54,19.14,7.37,3.31,3.2,38.5,26,12.5
CF26D09,UYRW,M,Male,Cloaca,Peter_Lougheed,50.686,-115.11548,50:41:10,-115:06:56,1679,6/27/23,8:10:00,279000872,ASY,After Second Year,,CP,100,100,40,90,30,70,50,E,50,y,y,n,75,60.5,19.1,7.09,3.41,3.18,19.75,7.5,12.25
CF26D10,AUWA,M,Male,Cloaca,Peter_Lougheed,50.686,-115.11548,50:41:10,-115:06:56,1679,6/27/23,8:15:00,279000873,ASY,After Second Year,,CP,95,90,30,15,30,0,5,E,50,y,y,n,75.5,58.5,18.78,7.16,3.34,3.19,37.5,26.75,10.75
CF26D11,AUWA,M,Male,Cloaca,Peter_Lougheed,50.68805,-115.13513,50:41:17,-115:08:06,1698,6/27/23,10:50:00,279000874,SY,Second Year,,CP,95,90,10,,,40,5,E2,,y,y,n,72,55,18.99,7.25,3.51,3.29,37.7,26,11.7
CF26D12,UYRW,M,Male,Cloaca,Peter_Lougheed,50.68805,-115.13513,50:41:17,-115:08:06,1698,6/27/23,10:55:00,279000875,SY,Second Year,,CP,75,90,10,30,40,30,25,E,0,y,y,n,74,56,19.57,7.79,3.13,3.13,38.5,26,12.5
CF26D13,AUWA,M,Male,Cloaca,Peter_Lougheed,50.68805,-115.13513,50:41:17,-115:08:06,1698,6/27/23,10:55:00,279000876,SY,Second Year,,CP,85,90,50,10,30,0,2,E,100,y,y,y,74,59,18.39,7.03,3.28,3.26,38,25.5,12.5
CF27D01,AUWA,M,Male,Cloaca,Peter_Lougheed,50.69821,-115.11428,50:41:54,-115:06:51,1622,6/28/23,8:30:00,279000877,SY,Second Year,,CP,95,95,60,5,10,5,30,D,50,y,y,n,73,57,19.19,7.15,3.46,3.1,38,26,12
CF27D02,AUWA,M,Male,Cloaca,Peter_Lougheed,50.69821,-115.11428,50:41:54,-115:06:51,1622,6/28/23,8:30:00,279000878,SY,Second Year,,CP,100,100,20,5,20,0,0,E,100,y,y,y,74,57.5,19.59,7.48,3.15,3.35,38.5,26,12.5
CF27D03,UYRW,M,Male,Cloaca,Peter_Lougheed,50.69821,-115.11428,50:41:54,-115:06:51,1622,6/28/23,8:30:00,279000879,SY,Second Year,,CP,90,85,70,15,80,90,45,E,100,y,y,n,73,57.5,19.2,7.67,3.38,3.2,38,26,12
CF27D04,UYRW,M,Male,Cloaca,Peter_Lougheed,50.69734,-115.11338,50:41:50,-115:06:48,1628,6/28/23,8:45:00,279000880,SY,Second Year,,CP,85,70,90,20,60,80,60,E,50,y,y,y,74,57,18.48,7.17,3.48,3.24,38,26.5,11.5